Season,TEAM,GP,PTS,FGM,FGA,FG%,3PM,3PA,3P%,FTM,FTA,FT%,OR,DR,REB,AST,STL,BLK,TO,PF
2022-2023,Sacramento Kings,82,120.7,43.6,88.2,49.4,13.8,37.3,36.9,19.8,25.1,79,9.5,32.9,42.5,27.3,7,3.4,13.1,19.7
2022-2023,Golden State Warriors,82,118.9,43.1,90.2,47.9,16.6,43.2,38.5,16,20.2,79.4,10.5,34.1,44.6,29.8,7.2,4,15.7,21.4
2022-2023,Atlanta Hawks,82,118.4,44.6,92.4,48.3,10.8,30.5,35.2,18.5,22.6,81.8,11.2,33.2,44.4,25,7.1,4.9,12.4,18.8
2022-2023,Boston Celtics,82,117.9,42.2,88.8,47.5,16,42.6,37.7,17.5,21.6,81.2,9.7,35.6,45.3,26.7,6.4,5.2,12.7,18.8
2022-2023,Oklahoma City Thunder,82,117.5,43.1,92.6,46.5,12.1,34.1,35.6,19.2,23.7,80.9,11.4,32.3,43.6,24.4,8.2,4.2,12.5,21
2022-2023,Los Angeles Lakers,82,117.2,42.9,89,48.2,10.8,31.2,34.6,20.6,26.6,77.5,10,35.7,45.7,25.3,6.4,4.6,13.5,17.9
2022-2023,Utah Jazz,82,117.1,42.5,89.8,47.3,13.3,37.8,35.3,18.7,23.8,78.6,11.8,34.1,45.9,26,6.1,5.2,14.9,20.5
2022-2023,Milwaukee Bucks,82,116.9,42.7,90.4,47.3,14.8,40.3,36.8,16.6,22.4,74.3,11.1,37.5,48.6,25.8,6.4,4.9,13.9,18
2022-2023,Memphis Grizzlies,82,116.9,43.7,92.1,47.5,12,34.2,35.1,17.5,23.8,73.3,12,34.6,46.6,26,8.3,5.8,12.9,20
2022-2023,Indiana Pacers,82,116.3,42,89.6,46.9,13.6,37,36.7,18.7,23.7,79,10.1,31.4,41.5,27,7.7,5.8,14.1,21.2
2022-2023,New York Knicks,82,116,42,89.4,47,12.6,35.7,35.4,19.4,25.5,76.1,12.6,34,46.6,22.9,6.4,4.1,12,20.3
2022-2023,Denver Nuggets,82,115.8,43.6,86.4,50.4,11.8,31.2,37.9,16.8,22.4,75.1,10.1,32.9,43,28.9,7.5,4.5,13.8,18.6
2022-2023,Minnesota Timberwolves,82,115.8,42.9,87.4,49,12.2,33.3,36.5,17.9,23.7,75.5,9.1,32.8,41.9,26.2,8,5.4,14.8,21.6
2022-2023,Philadelphia 76ers,82,115.2,40.8,83.8,48.7,12.6,32.6,38.7,21,25.1,83.5,8.7,32.2,40.9,25.2,7.7,4.7,12.8,20.4
2022-2023,New Orleans Pelicans,82,114.4,42,87.6,48,11,30.1,36.4,19.3,24.4,79.3,10.6,33.1,43.7,25.9,8.3,4.1,14,20.5
2022-2023,Dallas Mavericks,82,114.2,40,84.3,47.5,15.2,41,37.1,19,25.1,75.5,7.6,31.2,38.8,22.9,6.3,3.7,11.7,20.7
2022-2023,Phoenix Suns,82,113.6,42.1,90.1,46.7,12.2,32.6,37.4,17.2,21.7,79.3,11.8,32.4,44.2,27.3,7.1,5.3,12.9,21.2
2022-2023,LA Clippers,82,113.6,41.1,86.1,47.7,12.7,33.3,38.1,18.7,23.9,78.1,9.8,33.4,43.2,23.9,7.1,4.4,13.5,19.5
2022-2023,Portland Trail Blazers,82,113.4,40.5,85.4,47.4,12.9,35.3,36.5,19.6,24.6,79.6,9.4,31.1,40.5,24.2,6.7,4.6,13.7,20
2022-2023,Brooklyn Nets,82,113.4,41.5,85.1,48.7,12.8,33.8,37.8,17.7,22.1,80,8.2,32.3,40.5,25.5,7.1,6.2,12.9,21.1
2022-2023,Washington Wizards,82,113.2,42.1,86.9,48.5,11.3,31.7,35.6,17.6,22.4,78.5,9.4,34.2,43.6,25.4,6.8,5.2,13.3,18.8
2022-2023,Chicago Bulls,82,113.1,42.5,86.8,49,10.4,28.9,36.1,17.6,21.8,80.9,8.5,33.9,42.4,24.5,7.9,4.5,12.7,18.9
2022-2023,San Antonio Spurs,82,113,43.1,92.6,46.5,11.1,32.2,34.5,15.8,21.2,74.3,11.8,31.9,43.7,27.2,7,3.9,14.7,19.9
2022-2023,Toronto Raptors,82,112.9,41.9,91.3,45.9,10.7,32,33.5,18.4,23.4,78.4,12.7,30.3,43,23.9,9.4,5.2,11.2,20
2022-2023,Cleveland Cavaliers,82,112.3,41.6,85.2,48.8,11.6,31.6,36.7,17.5,22.5,78,9.7,31.4,41.1,24.9,7.1,4.7,12.4,19
2022-2023,Orlando Magic,82,111.4,40.5,86.3,47,10.8,31.1,34.6,19.6,25,78.4,10.2,33.1,43.2,23.2,7.4,4.7,14.4,20.1
2022-2023,Charlotte Hornets,82,111,41.3,90.4,45.7,10.7,32.5,33,17.6,23.6,74.9,11,33.5,44.5,25.1,7.7,5.2,13.7,20.3
2022-2023,Houston Rockets,82,110.7,40.6,88.9,45.7,10.4,31.9,32.7,19.1,25.3,75.4,13.4,32.9,46.3,22.4,7.3,4.6,15.5,20.5
2022-2023,Detroit Pistons,82,110.3,39.6,87.1,45.4,11.4,32.4,35.1,19.8,25.7,77.1,11.2,31.3,42.4,23,7,3.8,14.5,22.1
2022-2023,Miami Heat,82,109.5,39.2,85.3,46,12,34.8,34.4,19.1,23,83.1,9.7,30.9,40.6,23.8,8,3,12.8,18.5
2021-2022,Minnesota Timberwolves,82,115.9,41.6,91,45.7,14.8,41.3,35.8,18,23.1,77.8,11.2,32.9,44.2,25.7,8.8,5.6,13.7,21.8
2021-2022,Memphis Grizzlies,82,115.6,43.5,94.4,46.1,11.5,32.7,35.3,17,23.1,73.4,14.1,35,49.2,26,9.8,6.5,12.5,19.8
2021-2022,Milwaukee Bucks,82,115.5,41.8,89.4,46.8,14.1,38.4,36.6,17.8,22.9,77.6,10.3,36.5,46.7,23.9,7.6,4,12.7,18.2
2021-2022,Charlotte Hornets,82,115.3,42.8,91.4,46.8,13.9,38.2,36.5,15.8,21.4,74,10.8,33.7,44.6,28.1,8.6,4.9,12.7,19.9
2021-2022,Phoenix Suns,82,114.8,43.7,90.1,48.5,11.6,31.9,36.4,15.9,19.9,79.7,9.8,35.5,45.3,27.4,8.6,4.4,12.3,19.9
2021-2022,Atlanta Hawks,82,113.9,41.5,88.3,47,12.9,34.4,37.4,18.1,22.3,81.2,10,33.9,44,24.6,7.2,4.2,11.3,18.7
2021-2022,Utah Jazz,82,113.6,40.6,86.2,47.1,14.5,40.3,36,17.9,23.4,76.7,10.8,35.6,46.3,22.4,7.2,4.9,13.2,18.9
2021-2022,San Antonio Spurs,82,113.2,43.2,92.7,46.7,11.3,32,35.2,15.4,20.4,75.4,11,34.3,45.3,27.9,7.6,4.9,12.3,18.1
2021-2022,Brooklyn Nets,82,112.9,42,88.4,47.5,11.5,31.7,36.1,17.5,21.7,80.5,10.3,34.1,44.4,25.3,7.1,5.5,13.2,20.4
2021-2022,Denver Nuggets,82,112.7,41.7,86.3,48.3,12.7,35.9,35.3,16.7,21,79.5,9.2,34.9,44.1,27.8,7.2,3.7,13.8,20
2021-2022,Los Angeles Lakers,82,112.1,41.6,88.8,46.9,12,34.5,34.7,16.8,23,73.2,9.5,34.5,44,24,7.6,5.2,13.9,20.2
2021-2022,Boston Celtics,82,111.8,40.7,87.4,46.6,13.2,37.1,35.6,17,20.9,81.6,10.5,35.5,46.1,24.8,7.2,5.8,13,18.5
2021-2022,Chicago Bulls,82,111.6,41.7,86.9,48,10.6,28.8,36.9,17.5,21.5,81.3,8.7,33.7,42.3,23.9,7.1,4.1,12.1,18.8
2021-2022,Indiana Pacers,82,111.5,41.4,89.5,46.3,12.2,35.4,34.4,16.4,21.4,76.8,11.3,32.6,43.9,25.4,7.1,5.6,13.6,20.4
2021-2022,Golden State Warriors,82,111,40.5,86.4,46.9,14.3,39.4,36.4,15.6,20.3,76.9,9.8,35.7,45.5,27.1,8.8,4.5,14.3,21
2021-2022,Sacramento Kings,82,110.3,40.5,88.1,46,11.4,33.2,34.4,17.9,23.3,76.8,9.6,33.4,42.9,23.7,7.2,4.5,13.5,18.9
2021-2022,Miami Heat,82,110,39.6,84.8,46.7,13.6,35.8,37.9,17.3,21.4,80.8,9.8,33.9,43.7,25.5,7.4,3.2,13.8,20.5
2021-2022,Philadelphia 76ers,82,109.9,39.4,84.5,46.6,11.6,31.8,36.4,19.6,23.8,82.1,8.5,33.8,42.3,23.7,7.7,5.3,11.7,19.4
2021-2022,Houston Rockets,82,109.7,39.4,86.4,45.6,13.5,38.7,34.9,17.5,24.5,71.3,9.6,32.4,42,23.6,7.3,4.7,15.7,20.6
2021-2022,Toronto Raptors,82,109.4,40.6,91.3,44.5,11.9,34.2,34.9,16.2,21.3,75.9,13.4,32,45.3,22.1,9,4.6,11.6,19.6
2021-2022,New Orleans Pelicans,82,109.3,40.2,88,45.7,10.6,32.1,33.2,18.3,23.2,78.9,12,33.2,45.2,25,8.3,4,13.3,19.7
2021-2022,Washington Wizards,82,108.6,40.6,86,47.2,10.5,30.6,34.2,17,21.7,78.3,9,34.1,43.1,25,6.4,5,12.6,18.8
2021-2022,LA Clippers,82,108.4,40.1,87.4,45.8,12.8,34.2,37.4,15.5,19.6,79.3,9.1,34.9,44,24,7.4,5,13,18.6
2021-2022,Dallas Mavericks,82,108,39.3,85.1,46.1,13.1,37.4,35,16.4,21.2,77.1,9.3,33.8,43,23.4,6.7,4,11.7,19.7
2021-2022,Cleveland Cavaliers,82,107.8,39.7,84.6,46.9,11.6,32.8,35.5,16.8,22.1,76,10.2,34,44.2,25.2,7.1,4.2,13.3,17.5
2021-2022,New York Knicks,82,106.5,37.7,86.2,43.7,13.2,36.9,35.7,18,24.1,74.4,11.5,34.6,46.1,21.9,7,4.9,12.4,20.4
2021-2022,Portland Trail Blazers,82,106.2,38.5,87.1,44.2,12.7,36.8,34.6,16.4,21.6,76,10.4,32.5,42.9,22.9,8,4.5,13.7,21.1
2021-2022,Detroit Pistons,82,104.8,38.2,88.6,43.1,11.3,34.6,32.6,17.2,22,78.2,11,32,43,23.5,7.7,4.8,13.4,21.9
2021-2022,Orlando Magic,82,104.2,38.3,88.3,43.4,12.2,36.9,33.1,15.5,19.7,78.7,9.1,35.2,44.3,23.7,6.8,4.5,13.8,19.7
2021-2022,Oklahoma City Thunder,82,103.7,38.3,89.1,43,12.1,37.4,32.3,15,19.9,75.6,10.4,35.2,45.6,22.2,7.6,4.6,13.3,18.3
2020-2021,Milwaukee Bucks,72,120.1,44.7,91.8,48.7,14.4,37.1,38.9,16.2,21.4,76,10.3,37.8,48.1,25.5,8.1,4.6,13.4,17.3
2020-2021,Brooklyn Nets,72,118.6,43.1,87.3,49.4,14.2,36.1,39.2,18.1,22.5,80.4,8.9,35.5,44.4,26.8,6.7,5.3,13.1,19
2020-2021,Washington Wizards,72,116.6,43.2,90.9,47.5,10.2,29,35.1,20.1,26.2,76.9,9.7,35.5,45.2,25.5,7.3,4.1,13.9,21.6
2020-2021,Utah Jazz,72,116.4,41.3,88.1,46.8,16.7,43,38.9,17.2,21.5,79.9,10.6,37.6,48.3,23.7,6.6,5.2,13.5,18.5
2020-2021,Portland Trail Blazers,72,116.1,41.3,91.1,45.3,15.7,40.8,38.5,17.8,21.6,82.3,10.6,33.9,44.5,21.3,6.9,5,10.8,18.9
2020-2021,Indiana Pacers,72,115.3,43.3,91.2,47.4,12.3,34,36.4,16.4,20.7,79.2,9,33.7,42.7,27.4,8.5,6.4,13,20.2
2020-2021,Phoenix Suns,72,115.3,43.3,88.3,49,13.1,34.6,37.8,15.6,18.7,83.4,8.8,34.2,42.9,26.9,7.2,4.3,12,19.1
2020-2021,Denver Nuggets,72,115.1,43.3,89.2,48.5,12.9,34.2,37.7,15.7,19.5,80.3,10.5,33.9,44.4,26.8,8.1,4.5,12.8,19.1
2020-2021,New Orleans Pelicans,72,114.6,42.5,89.1,47.7,10.6,30.4,34.8,19,26.1,72.9,11.7,35.7,47.4,26,7.6,4.4,13.9,18
2020-2021,LA Clippers,72,114,41.8,86.7,48.2,14.3,34.7,41.1,16.2,19.3,83.9,9.4,34.7,44.2,24.4,7.1,4.1,12.4,19.2
2020-2021,Sacramento Kings,72,113.7,42.6,88.6,48.1,12.1,33.3,36.4,16.4,22,74.5,9.4,32,41.4,25.5,7.5,5,12.8,19.4
2020-2021,Golden State Warriors,72,113.7,41.3,88.2,46.8,14.6,38.7,37.6,16.6,21.1,78.5,8,35.1,43,27.7,8.2,4.8,14.6,21.2
2020-2021,Atlanta Hawks,72,113.7,40.8,87.2,46.8,12.4,33.4,37.3,19.7,24.2,81.2,10.6,35.1,45.6,24.1,7,4.8,12.7,19.3
2020-2021,Philadelphia 76ers,72,113.6,41.4,86.9,47.6,11.3,30.1,37.4,19.6,25.5,76.7,10,35,45.1,23.7,9.1,6.2,13.7,20.2
2020-2021,Memphis Grizzlies,72,113.3,42.8,91.8,46.7,11.2,31.4,35.6,16.4,21.3,77.1,11.2,35.3,46.5,26.9,9.1,5.1,12.7,18.7
2020-2021,Boston Celtics,72,112.6,41.5,88.9,46.6,13.6,36.4,37.4,16.1,20.8,77.5,10.6,33.6,44.3,23.5,7.7,5.3,13.4,20.4
2020-2021,Dallas Mavericks,72,112.4,41.1,87.3,47,13.8,38.1,36.2,16.5,21.2,77.8,9.1,34.2,43.3,22.9,6.3,4.3,11.4,19.4
2020-2021,Minnesota Timberwolves,72,112.1,40.7,90.9,44.8,13.1,37.6,34.9,17.6,23.1,76.1,10.5,33,43.5,25.6,8.8,5.5,13.7,20.9
2020-2021,Toronto Raptors,72,111.3,39.7,88.7,44.8,14.5,39.3,36.8,17.4,21.3,81.5,9.4,32.1,41.6,24.1,8.6,5.4,12.5,21.2
2020-2021,San Antonio Spurs,72,111.1,41.9,90.5,46.2,9.9,28.4,35,17.4,22,79.2,9.3,34.6,43.9,24.4,7,5.1,11,18
2020-2021,Chicago Bulls,72,110.7,42.2,88.6,47.6,12.6,34,37,13.8,17.5,79.1,9.6,35.3,45,26.8,6.7,4.2,14.5,18.9
2020-2021,Los Angeles Lakers,72,109.5,40.6,86.1,47.2,11.1,31.2,35.4,17.2,23.3,73.9,9.7,34.6,44.2,24.7,7.8,5.4,14.7,19.1
2020-2021,Charlotte Hornets,72,109.5,39.9,87.8,45.5,13.7,37,36.9,15.9,20.9,76.1,10.6,33.2,43.8,26.8,7.8,4.8,14.2,18
2020-2021,Houston Rockets,72,108.8,39.3,88.5,44.3,13.8,40.6,33.9,16.5,22.3,74,9.3,33.3,42.6,23.6,7.6,5,14.2,19.5
2020-2021,Miami Heat,72,108.1,39.2,83.7,46.8,12.9,36.2,35.8,16.7,21.1,79,8,33.5,41.5,26.3,7.9,4,13.3,18.9
2020-2021,New York Knicks,72,107,39.4,86.5,45.6,11.8,30,39.2,16.4,20.9,78.4,9.7,35.5,45.1,21.4,7,5.1,12.2,20.5
2020-2021,Detroit Pistons,72,106.6,38.7,85.6,45.2,11.6,32.9,35.1,17.8,23.4,75.9,9.6,33.1,42.7,24.2,7.4,5.2,14.2,20.5
2020-2021,Oklahoma City Thunder,72,105,38.8,88,44.1,11.9,35.1,33.9,15.5,21.3,72.5,9.9,35.7,45.6,22.1,7,4.4,15.4,18.1
2020-2021,Orlando Magic,72,104,38.3,89.2,42.9,10.9,31.8,34.3,16.6,21.4,77.5,10.4,35.1,45.4,21.8,6.9,4.4,12.3,17.2
2020-2021,Cleveland Cavaliers,72,103.8,38.6,85.8,45,10,29.7,33.6,16.7,22.4,74.3,10.4,32.3,42.8,23.8,7.8,4.5,14.4,18.2
2019-2020,Milwaukee Bucks,73,118.7,43.3,90.9,47.6,13.8,38.9,35.5,18.3,24.7,74.2,9.5,42.2,51.7,25.9,7.2,5.9,14.7,19.6
2019-2020,Houston Rockets,72,117.8,40.8,90.4,45.1,15.6,45.3,34.5,20.6,26.1,79.1,9.8,34.5,44.3,21.6,8.7,5.2,14.2,21.8
2019-2020,Dallas Mavericks,75,117,41.7,90.3,46.1,15.1,41.3,36.7,18.6,23.8,77.9,10.5,36.4,46.9,24.7,6.1,4.8,12.1,19.5
2019-2020,LA Clippers,72,116.3,41.6,89.2,46.6,12.4,33.5,37.1,20.8,26.3,79.1,10.7,37,47.7,23.7,7.1,4.7,14,22.1
2019-2020,New Orleans Pelicans,72,115.8,42.6,91.6,46.5,13.6,36.9,37,17.1,23.4,72.9,11.1,35.4,46.5,26.8,7.5,5,15.9,21.2
2019-2020,Portland Trail Blazers,74,115,42.2,91.2,46.3,12.9,34.1,37.7,17.7,22.1,80.4,10.2,35.1,45.3,20.6,6.3,6.1,12.4,21.7
2019-2020,Washington Wizards,72,114.4,41.5,90.9,45.7,12,32.6,36.8,19.4,24.6,78.8,10.2,31.9,42,25,8,4.3,13.6,22.7
2019-2020,San Antonio Spurs,71,114.1,42.2,89.4,47.2,10.7,28.5,37.6,19,23.4,81,9,35.6,44.6,24.7,7.3,5.5,12.3,19.4
2019-2020,Boston Celtics,72,113.7,41.3,89.6,46.1,12.6,34.5,36.4,18.6,23.2,80.1,10.7,35.4,46.1,23,8.3,5.6,13.2,21.6
2019-2020,Phoenix Suns,73,113.6,41.2,88.1,46.8,11.4,31.8,35.8,19.9,23.8,83.4,9.8,33.8,43.5,27.2,7.7,4,14.2,22
2019-2020,Los Angeles Lakers,71,113.4,42.3,88.3,48,11,31.6,34.9,17.7,24.3,72.9,10.7,35.1,45.7,25.4,8.6,6.6,14.7,20.7
2019-2020,Minnesota Timberwolves,64,113.3,40.4,91.6,44.1,13.3,39.7,33.6,19.1,25.4,75.3,10.5,34.3,44.8,23.8,8.7,5.7,14.7,21.4
2019-2020,Toronto Raptors,72,112.8,40.2,87.9,45.8,13.8,37,37.4,18.5,23.2,79.6,9.5,35.9,45.4,25.2,8.8,5,14.1,21.7
2019-2020,Memphis Grizzlies,73,112.6,42.5,90.9,46.8,10.9,31.5,34.7,16.6,21.8,76.3,10.3,36.2,46.5,26.9,7.9,5.5,14.6,21.2
2019-2020,Miami Heat,73,112,39.5,84.4,46.8,13.4,35.4,37.9,19.7,25.2,78.3,8.5,35.9,44.4,25.9,7.5,4.5,14,20.6
2019-2020,Brooklyn Nets,72,111.8,40.4,90.3,44.8,13.1,38.1,34.3,17.9,24.1,74.5,10.6,37.3,47.9,24.5,6.4,4.5,14.6,21
2019-2020,Atlanta Hawks,67,111.8,40.6,90.6,44.9,12,36.1,33.3,18.5,23.4,79,9.9,33.4,43.3,24,7.8,5.1,15.7,23.1
2019-2020,Utah Jazz,72,111.3,40.1,85.1,47.1,13.4,35.2,38,17.8,22.8,77.9,9.1,35.8,44.9,22.4,6.1,4,14.6,20.4
2019-2020,Denver Nuggets,73,111.3,42,88.9,47.3,11,30.6,35.9,16.2,20.9,77.7,10.8,33.4,44.1,26.7,8,4.6,13.1,20.3
2019-2020,Philadelphia 76ers,73,110.7,41.1,87.9,46.8,11.6,31.6,36.8,16.9,22.4,75.5,10.5,35,45.4,25.8,8,5.3,13.5,20.9
2019-2020,Oklahoma City Thunder,72,110.4,40,85.5,46.8,10.7,30.2,35.5,19.8,24.8,79.6,8.2,34.7,42.9,21.7,7.6,4.9,13,19.3
2019-2020,Sacramento Kings,72,110.1,40.9,88.4,46.2,12.7,34.9,36.4,15.7,20.3,77,9.7,32.9,42.6,23.8,7.7,4.1,13.8,22.2
2019-2020,Indiana Pacers,73,109.4,42.1,88.5,47.6,10.2,28,36.3,15,19.1,78.7,8.7,34.1,42.8,25.9,7.4,5.2,12.7,19.8
2019-2020,Orlando Magic,73,107.3,39.3,88.6,44.4,11.1,32.2,34.3,17.6,22.7,77.4,10.3,34.2,44.5,23.9,8.2,5.4,12.2,18.3
2019-2020,Detroit Pistons,66,107.2,39.3,85.7,45.9,12,32.7,36.7,16.6,22.4,74.3,9.8,32,41.7,24.1,7.4,4.5,14.5,19.7
2019-2020,Cleveland Cavaliers,65,106.9,40.3,87.9,45.8,11.2,31.8,35.1,15.1,19.9,75.8,10.8,33.4,44.2,23.1,6.9,3.2,15.7,18.3
2019-2020,Chicago Bulls,65,106.8,39.6,88.6,44.7,12.2,35.1,34.8,15.5,20.5,75.5,10.5,31.4,41.9,23.2,10,4.1,14.6,21.8
2019-2020,Golden State Warriors,65,106.3,38.6,88.2,43.8,10.4,31.3,33.4,18.7,23.2,80.3,10,32.9,42.8,25.6,8.2,4.6,14.3,20.1
2019-2020,New York Knicks,66,105.8,40,89.3,44.7,9.6,28.4,33.7,16.3,23.5,69.4,12,34.5,46.5,22.1,7.6,4.7,13.8,22.2
2019-2020,Charlotte Hornets,65,102.9,37.3,85.9,43.4,12.1,34.3,35.2,16.2,21.6,74.8,11,31.8,42.8,23.8,6.6,4.1,13.9,18.8
2018-2019,Milwaukee Bucks,82,118.1,43.4,91.1,47.6,13.5,38.2,35.3,17.9,23.2,77.3,9.3,40.4,49.7,26,7.5,5.9,13.3,19.6
2018-2019,Golden State Warriors,82,117.7,44,89.8,49.1,13.3,34.4,38.5,16.3,20.4,80.1,9.7,36.5,46.2,29.4,7.6,6.4,13.8,21.4
2018-2019,New Orleans Pelicans,82,115.4,43.7,92.2,47.3,10.3,29.9,34.4,17.8,23.4,76.1,11.1,36.2,47.3,27,7.4,5.4,14.5,21.1
2018-2019,Philadelphia 76ers,82,115.2,41.5,88.2,47.1,10.8,30.2,35.9,21.2,27.5,77.1,10.9,36.9,47.8,26.9,7.4,5.3,14.5,21.3
2018-2019,LA Clippers,82,115.1,41.3,87.5,47.1,10,25.8,38.8,22.6,28.5,79.2,9.7,35.8,45.5,24,6.8,4.7,13.8,23.3
2018-2019,Portland Trail Blazers,82,114.7,42.3,90.6,46.7,11,30.7,35.9,19,23.3,81.4,11.8,36.2,48,23,6.7,5,13.3,20.4
2018-2019,Oklahoma City Thunder,82,114.5,42.6,94,45.4,11.4,32.6,34.8,17.8,25,71.3,12.6,35.5,48.1,23.4,9.3,5.2,13.6,22.4
2018-2019,Toronto Raptors,82,114.4,42.2,89.1,47.4,12.4,33.8,36.6,17.7,22,80.4,9.6,35.6,45.2,25.4,8.3,5.3,13.3,21
2018-2019,Sacramento Kings,82,114.2,43.2,93.1,46.4,11.3,29.9,37.8,16.5,22.7,72.6,11,34.4,45.4,25.4,8.3,4.4,12.9,21.4
2018-2019,Washington Wizards,82,114,42.1,90.1,46.8,11.3,33.3,34.1,18.4,23.9,76.8,9.7,32.7,42.4,26.3,8.3,4.6,13.7,20.7
2018-2019,Houston Rockets,82,113.9,39.2,87.4,44.9,16.1,45.4,35.6,19.3,24.4,79.1,10.2,31.9,42.1,21.2,8.5,4.9,12.7,22
2018-2019,Atlanta Hawks,82,113.3,41.4,91.8,45.1,13,37,35.2,17.6,23.4,75.2,11.6,34.5,46.1,25.8,8.2,5.1,16.6,23.6
2018-2019,Minnesota Timberwolves,82,112.5,41.6,91.3,45.6,10.1,28.7,35.1,19.1,24.3,78.7,11.3,33.5,44.8,24.6,8.3,5,12.6,20.3
2018-2019,Boston Celtics,82,112.4,42.1,90.5,46.5,12.6,34.5,36.5,15.6,19.5,80.2,9.8,34.7,44.5,26.3,8.6,5.3,12.4,20.4
2018-2019,Brooklyn Nets,82,112.2,40.3,89.7,44.9,12.8,36.2,35.3,19,25.5,74.5,11,35.6,46.6,23.8,6.6,4.1,14.4,21.5
2018-2019,Los Angeles Lakers,82,111.8,42.6,90.5,47,10.3,31,33.3,16.3,23.3,69.9,10.2,36.4,46.6,25.6,7.5,5.4,15.2,20.7
2018-2019,Utah Jazz,82,111.7,40.4,86.4,46.8,12.1,34,35.6,18.8,25.5,73.6,10,36.4,46.4,26,8.1,5.9,14.8,21.1
2018-2019,San Antonio Spurs,82,111.7,42.3,88.4,47.8,9.9,25.3,39.2,17.2,21,81.9,9.2,35.5,44.7,24.5,6.1,4.7,11.8,18.1
2018-2019,Charlotte Hornets,82,110.7,40.2,89.8,44.8,11.9,33.9,35.1,18.4,23.1,79.7,9.9,33.9,43.8,23.2,7.2,4.9,11.7,18.9
2018-2019,Denver Nuggets,82,110.7,41.9,90,46.6,11,31.4,35.1,15.8,20.9,75.5,11.9,34.5,46.4,27.4,7.7,4.4,12.9,20
2018-2019,Dallas Mavericks,82,108.9,38.8,86.9,44.7,12.5,36.6,34,18.8,25.3,74.2,10.1,35.2,45.3,23.4,6.5,4.3,13.6,20.1
2018-2019,Indiana Pacers,82,108,41.3,87,47.5,9.5,25.4,37.4,15.8,21.1,75.2,9.3,33.7,43,26,8.7,4.9,13.3,19.4
2018-2019,Phoenix Suns,82,107.5,40.1,87.4,45.9,9.6,29.3,32.9,17.6,22.7,77.9,9.1,31.3,40.4,23.9,9,5.1,15.2,23.6
2018-2019,Orlando Magic,82,107.3,40.4,89.1,45.4,11.4,32.1,35.6,15,19.2,78.2,10,35.4,45.4,25.5,6.6,5.4,12.6,18.6
2018-2019,Detroit Pistons,82,107,38.8,88.3,44,12.1,34.8,34.8,17.3,23.1,74.7,11.4,33.6,45,22.5,6.9,4,13,22.1
2018-2019,Miami Heat,82,105.7,39.6,88,45,11.3,32.4,34.9,15.1,21.7,69.5,11.2,35.1,46.3,24.3,7.6,5.5,14.1,20.9
2018-2019,Chicago Bulls,82,104.9,39.8,87.9,45.3,9.1,25.9,35.1,16.2,20.7,78.3,8.8,34.1,42.9,21.9,7.4,4.3,13.5,20.3
2018-2019,New York Knicks,82,104.6,38.2,88.3,43.3,10,29.5,34,18.1,23.9,75.9,10.5,34.3,44.7,20.1,6.8,5.1,13.4,20.9
2018-2019,Cleveland Cavaliers,82,104.5,38.9,87.6,44.4,10.3,29.1,35.5,16.4,20.7,79.2,10.7,31.9,42.7,20.7,6.5,2.4,12.6,20
2018-2019,Memphis Grizzlies,82,103.5,38,84.4,45,9.9,28.9,34.2,17.7,23,77.2,8.8,33,41.8,23.9,8.3,5.5,13.2,22
2017-2018,Golden State Warriors,82,113.5,42.8,85.1,50.3,11.3,28.9,39.1,16.6,20.3,81.5,8.4,35.1,43.5,29.3,8,7.5,15,19.6
2017-2018,Houston Rockets,82,112.4,38.7,84.2,46,15.3,42.3,36.2,19.6,25.1,78.1,9,34.5,43.5,21.5,8.5,4.8,13.2,19.5
2017-2018,New Orleans Pelicans,82,111.7,42.7,88.3,48.3,10.2,28.2,36.2,16.1,20.9,77.2,8.7,35.7,44.3,26.8,8,5.9,14.4,19.1
2017-2018,Toronto Raptors,82,111.7,41.3,87.4,47.2,11.8,33,35.8,17.3,21.8,79.4,9.8,34.2,44,24.3,7.6,6.1,12.7,21.7
2017-2018,Cleveland Cavaliers,82,110.9,40.4,84.8,47.6,12,32.1,37.2,18.1,23.3,77.9,8.5,33.7,42.1,23.4,7.1,3.8,13.3,18.6
2017-2018,Denver Nuggets,82,110,40.7,86.6,47,11.5,30.9,37.1,17.1,22.3,76.7,11,33.5,44.5,25.1,7.6,4.9,14.3,18.7
2017-2018,Philadelphia 76ers,82,109.8,40.8,86.6,47.2,11,29.8,36.9,17.1,22.8,75.2,10.9,36.5,47.4,27.1,8.3,5.1,15.9,22.1
2017-2018,Minnesota Timberwolves,82,109.5,41,86.1,47.6,8,22.5,35.7,19.4,24.1,80.4,10.3,31.6,42,22.7,8.4,4.2,11.7,18.2
2017-2018,LA Clippers,82,109,40.3,85.4,47.1,9.5,26.8,35.4,19,25.5,74.3,10.1,33.7,43.9,22.3,7.7,4.5,14.1,20
2017-2018,Charlotte Hornets,82,108.2,39,86.7,45,10,27.2,36.9,20.2,27,74.7,10.1,35.4,45.5,21.6,6.8,4.5,12.3,17.2
2017-2018,Los Angeles Lakers,82,108.1,40.7,88.4,46.1,10,29.1,34.5,16.6,23.3,71.4,10.7,35.7,46.4,23.8,7.7,4.7,15.3,21.2
2017-2018,Oklahoma City Thunder,82,107.9,39.9,88,45.3,10.7,30.4,35.4,17.3,24.2,71.6,12.5,32.6,45.1,21.3,9.1,5,13.4,20.2
2017-2018,Washington Wizards,82,106.6,39.9,85.6,46.7,9.9,26.5,37.5,16.8,21.8,77.2,10,33.1,43.1,25.2,7.9,4.3,14,21.3
2017-2018,Brooklyn Nets,82,106.6,38.2,86.8,44.1,12.7,35.7,35.6,17.4,22.6,77.2,9.7,34.8,44.4,23.7,6.2,4.8,14.2,20.6
2017-2018,Milwaukee Bucks,82,106.5,39.7,83,47.8,8.8,24.7,35.5,18.3,23.4,78.3,8.4,31.5,39.8,23.2,8.8,5.4,13.1,21.4
2017-2018,Portland Trail Blazers,82,105.6,39.3,87,45.2,10.3,28.1,36.6,16.7,20.9,80,10.2,35.3,45.5,19.5,7,5.2,13,19.5
2017-2018,Indiana Pacers,82,105.6,40.8,86.4,47.2,9,24.5,36.9,14.9,19.2,77.9,9.6,32.7,42.3,22.2,8.8,4.1,12.8,18.8
2017-2018,New York Knicks,82,104.5,40.7,87.7,46.4,8.2,23.3,35.2,14.9,19,78.7,10.5,33.6,44,23.3,6.7,5.1,14.2,20.5
2017-2018,Utah Jazz,82,104.1,38.3,82.9,46.2,10.8,29.6,36.6,16.8,21.5,77.9,9,34.2,43.3,22.4,8.6,5.1,14.1,19.6
2017-2018,Boston Celtics,82,104,38.3,85.1,45,11.5,30.4,37.7,16,20.7,77.1,9.4,35.1,44.5,22.5,7.4,4.5,13.3,19.7
2017-2018,Phoenix Suns,82,103.9,38.5,87.1,44.2,9.3,27.9,33.4,17.7,23.9,74.1,10.3,33.9,44.1,21.3,6.9,4.5,15,22
2017-2018,Detroit Pistons,82,103.8,39.1,86.9,45,10.8,28.9,37.3,14.7,19.8,74.5,10.1,33.6,43.7,22.8,7.7,3.9,12.7,18.4
2017-2018,Miami Heat,82,103.4,38.8,85.3,45.5,11,30.6,36,14.7,19.5,75.5,9.3,34.2,43.5,22.7,7.6,5.3,13.6,20.1
2017-2018,Orlando Magic,82,103.4,38.8,85.9,45.2,10.3,29.3,35.1,15.5,20.5,75.7,8.8,32.8,41.6,23.4,7.6,4.9,13.9,19.3
2017-2018,Atlanta Hawks,82,103.4,38.2,85.5,44.6,11.2,31,36,15.8,20.2,78.5,9.1,32.8,41.9,23.7,7.8,4.2,15,19.6
2017-2018,Chicago Bulls,82,102.9,38.7,88.8,43.5,11,31.1,35.5,14.6,19.2,75.9,9.6,35,44.7,23.5,7.6,3.5,13.3,19.2
2017-2018,San Antonio Spurs,82,102.7,39,85.4,45.7,8.5,24.1,35.2,16.1,20.9,77.2,10.4,33.9,44.2,22.8,7.7,5.6,12.7,17.2
2017-2018,Dallas Mavericks,82,102.3,38.1,85.9,44.4,11.8,32.8,36,14.2,18.7,76.3,8.1,33.1,41.3,22.7,7,3.8,11.8,19.2
2017-2018,Memphis Grizzlies,82,99.3,36.7,82.8,44.4,9.2,26.2,35.2,16.6,21.1,78.6,9.5,31,40.5,21.5,7.5,4.8,14.4,23.2
2017-2018,Sacramento Kings,82,98.8,38.8,86.1,45,9,24,37.5,12.3,16.7,73.5,9.5,31.4,40.9,21.6,7.8,4.1,13.2,20
2016-2017,Golden State Warriors,82,115.9,43.1,87.1,49.5,12,31.2,38.3,17.8,22.6,78.8,9.4,35,44.4,30.4,9.6,6.8,14.4,19.3
2016-2017,Houston Rockets,82,115.3,40.3,87.2,46.2,14.4,40.3,35.7,20.3,26.5,76.6,10.9,33.5,44.4,25.2,8.2,4.3,14.5,19.9
2016-2017,Denver Nuggets,82,111.7,41.2,87.7,46.9,10.6,28.8,36.8,18.7,24.2,77.4,11.8,34.6,46.4,25.3,6.9,3.9,14.5,19.1
2016-2017,Cleveland Cavaliers,82,110.3,39.9,84.9,47,13,33.9,38.4,17.5,23.3,74.8,9.3,34.4,43.8,22.7,6.6,4,13.2,18.1
2016-2017,Washington Wizards,82,109.2,41.3,87,47.5,9.2,24.8,37.2,17.3,22.1,78.4,10.3,32.6,42.9,23.9,8.5,4.1,13.5,21.3
2016-2017,LA Clippers,82,108.7,39.5,83.2,47.5,10.3,27.4,37.5,19.3,26,74.5,9,34,43,22.5,7.5,4.2,12.5,19.8
2016-2017,Boston Celtics,82,108,38.6,85.1,45.4,12,33.4,35.9,18.7,23.2,80.7,9.1,32.9,42,25.2,7.5,4.1,12.6,20.6
2016-2017,Portland Trail Blazers,82,107.9,39.5,86.1,45.9,10.4,27.7,37.5,18.5,23.7,78,10.1,33.5,43.7,21.1,7,5,13.1,21.2
2016-2017,Phoenix Suns,82,107.7,39.9,88.5,45,7.5,22.6,33.2,20.4,26.3,77.6,11.9,33.1,45,19.6,8.2,4.9,14.9,24.8
2016-2017,Toronto Raptors,82,106.9,39.2,84.4,46.4,8.8,24.3,36.3,19.7,24.7,79.6,10.6,32.6,43.3,18.5,8.3,4.9,11.8,20.8
2016-2017,Oklahoma City Thunder,82,106.6,39.5,87.4,45.2,8.4,25.8,32.7,19.2,25.8,74.5,12.2,34.4,46.6,21,7.9,5,14.6,20.9
2016-2017,Brooklyn Nets,82,105.8,37.8,85.2,44.4,10.7,31.6,33.8,19.4,24.6,78.8,8.8,35.1,43.9,21.4,7.2,4.7,15.9,21
2016-2017,Minnesota Timberwolves,82,105.6,39.5,84.4,46.7,7.3,21,34.9,19.3,24.2,79.9,11.4,31,42.4,23.7,8,4.5,13.4,20.1
2016-2017,San Antonio Spurs,82,105.3,39.3,83.7,46.9,9.2,23.5,39.1,17.6,22,79.7,10,33.9,43.9,23.8,8,5.9,12.9,18.3
2016-2017,Indiana Pacers,82,105.1,39.3,84.5,46.5,8.6,23,37.6,17.9,22.1,81,9,33,42,22.5,8.2,5,13.3,19.5
2016-2017,Charlotte Hornets,82,104.9,37.7,85.4,44.2,10,28.6,35.1,19.4,23.8,81.5,8.8,34.8,43.6,23.1,7,4.8,11,16.6
2016-2017,Los Angeles Lakers,82,104.6,39.3,87.4,45,8.9,25.7,34.6,17,22.6,75.4,11.4,32.1,43.5,20.9,8.2,3.9,14.5,20.7
2016-2017,New Orleans Pelicans,82,104.3,39.1,87,45,9.4,26.8,35,16.7,22.3,75,8.6,35.1,43.7,22.8,7.8,5.5,12.3,18.2
2016-2017,New York Knicks,82,104.3,39.6,88.5,44.7,8.6,24.7,34.8,16.6,21.1,78.8,12,33.2,45.2,21.8,7.1,5.5,13.2,20.3
2016-2017,Milwaukee Bucks,82,103.6,38.8,81.9,47.4,8.8,23.7,37,17.2,22.4,76.8,8.8,31.6,40.4,24.2,8.1,5.3,13.4,20.2
2016-2017,Miami Heat,82,103.2,39,85.8,45.5,9.9,27,36.5,15.2,21.6,70.6,10.6,33,43.6,21.2,7.2,5.8,12.6,20.5
2016-2017,Atlanta Hawks,82,103.2,38.1,84.4,45.1,8.9,26.1,34.1,18.1,24.9,72.8,10.3,34.1,44.3,23.6,8.2,4.8,15.2,18.2
2016-2017,Chicago Bulls,82,102.9,38.6,87.1,44.4,7.6,22.3,34,18,22.5,79.8,12.2,34.1,46.3,22.6,7.8,4.8,13,17.7
2016-2017,Sacramento Kings,82,102.8,37.9,82.1,46.1,9,23.9,37.6,18.1,23.3,77.5,8.7,32.3,41.1,22.5,7.6,4,14.1,20.3
2016-2017,Philadelphia 76ers,82,102.4,37.7,85.2,44.2,10.1,29.8,34,17,22,77.1,9.8,33,42.8,23.8,8.4,5.1,16,21.9
2016-2017,Detroit Pistons,82,101.3,39.9,88.8,44.9,7.7,23.3,33,13.9,19.3,71.9,11.1,34.6,45.7,21.1,7,3.8,11.4,17.9
2016-2017,Orlando Magic,82,101.1,38.3,87,44,8.5,26.1,32.8,16,21.4,74.7,9.8,33.3,43.2,22.2,7.1,4.8,12.8,19.3
2016-2017,Utah Jazz,82,100.7,37,79.5,46.6,9.6,26,37.2,17.1,22.9,74.7,9.4,33.8,43.2,20.1,6.7,5,12.9,18.8
2016-2017,Memphis Grizzlies,82,100.5,36.4,83.6,43.5,9.4,26.5,35.4,18.3,23.4,78.4,10.8,32,42.8,21.3,8,4.2,12.4,22.4
2016-2017,Dallas Mavericks,82,97.9,36.2,82.3,44,10.7,30.2,35.5,14.8,18.5,80.1,7.9,30.7,38.6,20.8,7.5,3.7,11.2,19.1
2015-2016,Golden State Warriors,82,114.9,42.5,87.3,48.7,13.1,31.6,41.6,16.7,21.8,76.3,10,36.2,46.2,28.9,8.4,6.1,14.9,20.7
2015-2016,Oklahoma City Thunder,82,110.2,41.1,86.4,47.6,8.3,23.7,34.8,19.7,25.2,78.2,13.1,35.6,48.6,23,7.4,5.9,15.5,20.6
2015-2016,Sacramento Kings,82,106.6,40,86.4,46.3,8,22.4,35.9,18.5,25.5,72.5,10.6,33.7,44.2,24.5,8.9,4.5,15.5,20.4
2015-2016,Houston Rockets,82,106.5,37.7,83.5,45.2,10.7,30.9,34.7,20.4,29.4,69.4,11.3,31.7,43.1,22.2,10,5.2,15.2,21.8
2015-2016,Boston Celtics,82,105.7,39.2,89.2,43.9,8.7,26.1,33.5,18.5,23.5,78.8,11.6,33.3,44.9,24.2,9.2,4.2,13.5,21.9
2015-2016,Portland Trail Blazers,82,105.1,38.6,85.9,45,10.5,28.5,37,17.4,23,75.4,11.6,33.9,45.5,21.3,6.9,4.6,14.1,21.7
2015-2016,LA Clippers,82,104.5,38.3,82.4,46.5,9.7,26.7,36.4,18.2,26.2,69.2,8.8,33.3,42,22.8,8.6,5.6,12.4,21.3
2015-2016,Cleveland Cavaliers,82,104.3,38.7,84,46,10.7,29.6,36.2,16.3,21.7,74.8,10.6,33.9,44.5,22.7,6.7,3.9,12.9,20.3
2015-2016,Washington Wizards,82,104.1,39.5,85.8,46,8.6,24.2,35.8,16.5,22.5,73,9.1,32.8,41.8,24.5,8.6,3.9,13.9,20.8
2015-2016,San Antonio Spurs,82,103.5,40.1,82.9,48.4,7,18.5,37.5,16.4,20.4,80.3,9.4,34.5,43.9,24.5,8.3,5.9,12.5,17.5
2015-2016,Charlotte Hornets,82,103.4,37,84.4,43.9,10.6,29.4,36.2,18.7,23.7,79,9,35,43.9,21.7,7.3,5.3,11.9,18.1
2015-2016,Atlanta Hawks,82,102.8,38.6,84.4,45.8,9.9,28.4,35,15.6,20,78.3,8.3,33.8,42.1,25.6,9.1,5.9,14.5,19.1
2015-2016,New Orleans Pelicans,82,102.7,38.5,85.9,44.8,8.6,23.8,36,17.3,22.2,77.6,9.5,33.1,42.6,22.2,7.7,4.2,13,20.9
2015-2016,Toronto Raptors,82,102.7,36.7,81.3,45.1,8.6,23.4,37,20.8,26.7,77.7,10.2,33.2,43.4,18.7,7.8,5.5,12.1,19.6
2015-2016,Minnesota Timberwolves,82,102.4,37.7,81.3,46.4,5.5,16.4,33.8,21.4,27,79.2,10,31.5,41.6,23.4,8,4.6,14.4,20.7
2015-2016,Dallas Mavericks,82,102.3,37.4,84.1,44.4,9.8,28.6,34.4,17.7,22.3,79.4,9.2,33.9,43.1,22.1,6.8,3.7,12.3,19.5
2015-2016,Indiana Pacers,82,102.2,38.3,85.2,45,8.1,23,35.1,17.4,22.8,76.4,10.3,33.9,44.2,21.2,9,4.8,14.3,20
2015-2016,Orlando Magic,82,102.1,39.5,86.8,45.5,7.8,22.2,35,15.2,20.1,75.7,10.3,33,43.3,23.6,8.2,5.1,13.6,20.7
2015-2016,Detroit Pistons,82,102,37.9,86.4,43.9,9,26.2,34.5,17.1,25.5,66.8,12.5,33.9,46.3,19.4,7,3.7,13,19
2015-2016,Denver Nuggets,82,101.9,37.7,85.4,44.2,8,23.7,33.8,18.5,24.1,76.6,11.5,33.1,44.6,22.7,7.4,4.8,14.2,21
2015-2016,Chicago Bulls,82,101.6,38.6,87.4,44.1,7.9,21.4,37.1,16.5,21,78.7,11.1,35.2,46.3,22.8,6,5.7,13.3,18.8
2015-2016,Phoenix Suns,82,100.9,37.2,85.6,43.5,9,25.8,34.8,17.5,23.2,75.1,11.5,33.3,44.8,20.7,7.7,3.8,16.6,22.7
2015-2016,Miami Heat,82,100,38.4,81.7,47,6.1,18,33.6,17.1,23,74.4,9.8,34.3,44.1,20.8,6.7,6.5,13.2,18.3
2015-2016,Memphis Grizzlies,82,99.1,36.8,83.6,44,6.1,18.5,33.1,19.3,24.7,78.3,11.2,30.5,41.6,20.7,8.8,4.3,12.7,21.7
2015-2016,Milwaukee Bucks,82,99,38.4,82.2,46.7,5.4,15.6,34.5,17,22.7,74.7,10.5,31.2,41.7,23.1,8.2,5.8,14.6,20.7
2015-2016,Brooklyn Nets,82,98.6,38.2,84.4,45.3,6.5,18.4,35.2,15.7,20.7,75.7,10.5,31.9,42.4,22.3,7.6,4,14.3,18
2015-2016,New York Knicks,82,98.4,36.9,84,43.9,7.4,21.5,34.6,17.2,21.4,80.5,10.4,34,44.4,20.5,5.7,5.7,12.7,19.7
2015-2016,Utah Jazz,82,97.7,36.1,80.4,44.9,8.5,23.8,35.5,17.1,23,74.4,10.7,32.5,43.2,19,7.7,5.2,14.2,20.2
2015-2016,Philadelphia 76ers,82,97.4,36.2,84,43.1,9.3,27.5,33.9,15.7,22.6,69.4,9.5,31.8,41.2,21.5,8.3,6,15.6,21.7
2015-2016,Los Angeles Lakers,82,97.3,35.1,84.8,41.4,7.8,24.6,31.7,19.3,24.7,78.1,10.7,32.3,43,18,7.2,4.1,13,20.3
2014-2015,Golden State Warriors,82,110,41.6,87,47.8,10.8,27,39.8,16,20.8,76.8,10.4,34.3,44.7,27.4,9.3,6,14.1,19.9
2014-2015,LA Clippers,82,106.7,39.4,83.3,47.3,10.1,26.9,37.6,17.9,25.2,71,9.6,33.1,42.6,24.8,7.8,5,11.8,21.3
2014-2015,Dallas Mavericks,82,105.2,39.7,85.8,46.3,8.9,25.4,35.2,16.9,22.5,75.2,10.5,31.8,42.3,22.5,8.1,4.5,12.5,20
2014-2015,Toronto Raptors,82,104,37.9,83.3,45.5,8.9,25.1,35.2,19.3,24.6,78.7,10.7,30.8,41.5,20.7,7.5,4.4,12.2,20.9
2014-2015,Oklahoma City Thunder,82,104,38.8,86.8,44.7,7.7,22.7,33.9,18.6,24.6,75.4,12.8,34.7,47.5,20.5,7.3,5.5,14,22.3
2014-2015,Houston Rockets,82,103.9,37,83.3,44.4,11.4,32.7,34.8,18.6,26,71.5,11.7,32,43.7,22.2,9.5,5,15.9,22
2014-2015,San Antonio Spurs,82,103.2,39.1,83.6,46.8,8.3,22.5,36.7,16.7,21.4,78,9.8,33.8,43.6,24.4,8,5.4,13.5,19.1
2014-2015,Cleveland Cavaliers,82,103.1,37.7,82.2,45.8,10.1,27.5,36.7,17.7,23.6,75.1,11.1,31.9,43,22.1,7.4,4.1,13.6,18.4
2014-2015,Portland Trail Blazers,82,102.8,38.7,86,45,9.8,27.2,36.2,15.5,19.4,80.1,10.7,35.1,45.9,21.9,6.4,4.5,13.3,18.2
2014-2015,Atlanta Hawks,82,102.5,38.1,81.7,46.6,10,26.2,38,16.5,21.2,77.8,8.7,31.8,40.6,25.7,9.1,4.6,13.5,17.8
2014-2015,Phoenix Suns,82,102.4,38.8,85.8,45.2,8.5,25,34.1,16.4,21.5,76,10.9,32.2,43.2,20.2,8.5,4.7,14.5,21.3
2014-2015,Denver Nuggets,82,101.5,37.8,87.3,43.3,8,24.8,32.5,17.8,24.3,73.4,12.3,32.4,44.7,21.8,7.8,4.5,13.8,23
2014-2015,Boston Celtics,82,101.4,38.9,87.9,44.3,8,24.6,32.7,15.4,20.5,75.4,11.1,32.7,43.8,24.5,8.2,3.6,13.3,21.2
2014-2015,Sacramento Kings,82,101.3,36.7,80.7,45.5,5.6,16.5,34.1,22.3,29.3,76.2,10.9,33.3,44.2,20.3,6.7,4,15.6,20.7
2014-2015,Chicago Bulls,82,100.8,36.6,82.9,44.2,7.9,22.3,35.3,19.7,25.2,78.3,11.7,34,45.7,21.7,6.3,5.8,13.2,18.2
2014-2015,New Orleans Pelicans,82,99.4,37.9,82.9,45.7,7.1,19.3,37,16.4,21.8,75.1,11.5,32,43.5,22,6.7,6.2,12.6,18.7
2014-2015,Washington Wizards,82,98.5,38.3,82.8,46.2,6.1,16.8,36,15.9,21.4,74.2,10.5,34.2,44.7,24,7.3,4.6,14.4,20.8
2014-2015,Detroit Pistons,82,98.5,37.1,85.8,43.2,8.6,24.9,34.4,15.8,22.4,70.3,12.8,32.1,44.9,21.6,7.6,4.7,12.6,19
2014-2015,Los Angeles Lakers,82,98.5,37.2,85.6,43.5,6.5,18.9,34.4,17.5,23.6,74.1,11.6,32.3,43.9,20.9,7,4.5,12.6,21.2
2014-2015,Memphis Grizzlies,82,98.3,37.8,82.5,45.8,5.2,15.2,33.9,17.6,22.8,77.3,10.4,32.1,42.6,21.7,8.5,4.2,13,19.1
2014-2015,Brooklyn Nets,82,98,37.4,83,45.1,6.6,19.9,33.1,16.6,22.2,74.8,10.3,32,42.4,20.9,7,4.1,13.4,19.3
2014-2015,Milwaukee Bucks,82,97.8,37.6,82,45.9,6.6,18.3,36.3,16,21.1,75.7,10.7,31.4,42.1,23.6,9.6,4.9,16,22.1
2014-2015,Minnesota Timberwolves,82,97.8,36.4,83.2,43.8,5,14.9,33.2,20,25.7,77.6,11.6,29.3,40.9,21.6,8.1,4,14.3,19.2
2014-2015,Indiana Pacers,82,97.3,36.6,83.2,43.9,7.5,21.2,35.2,16.7,22.2,75.6,10.4,34.4,44.9,21.4,6.2,4.6,13.3,21.2
2014-2015,Orlando Magic,82,95.7,37.5,82.8,45.3,6.8,19.5,34.7,13.9,19.1,72.9,10,31.8,41.8,20.6,7.9,3.8,14.3,20.9
2014-2015,Utah Jazz,82,95.1,35.4,79.2,44.7,7.4,21.7,34.3,17,23.5,72.1,12,31.9,44,19.9,7.6,6,14.2,19.3
2014-2015,Miami Heat,82,94.7,35.2,77.2,45.6,6.8,20.2,33.5,17.5,23.7,74.1,9.1,30,39.1,19.8,7.8,4.5,13.9,20
2014-2015,Charlotte Hornets,82,94.2,35.5,84.5,42,6.1,19.1,31.8,17,22.8,74.8,10,34.1,44.1,20.2,6.1,5.5,11.2,18.2
2014-2015,Philadelphia 76ers,82,92,33.7,82.6,40.8,8.4,26.3,32,16.1,23.8,67.6,11.9,30.9,42.9,20.5,9.6,5.9,16.9,21.7
2014-2015,New York Knicks,82,91.9,35.1,82,42.8,6.8,19.7,34.7,14.8,19.2,76.9,10.6,29.8,40.4,21.3,7,4.7,13.8,21.6
2013-2014,LA Clippers,82,107.9,39.1,82.5,47.4,8.5,24,35.2,21.2,29.1,73,10.5,32.5,43,24.6,8.6,4.8,13.3,21.5
2013-2014,Houston Rockets,82,107.7,38,80.5,47.2,9.5,26.6,35.8,22.1,31.1,71.2,11.2,34.1,45.3,21.4,7.6,5.6,15.4,20.4
2013-2014,Minnesota Timberwolves,82,106.9,38.9,87.5,44.4,7.3,21.4,34.1,21.8,28.1,77.8,12.5,32.2,44.7,24,8.8,3.6,13.5,18.3
2013-2014,Portland Trail Blazers,82,106.7,39.1,87,45,9.4,25.3,37.2,19.1,23.5,81.5,12.5,34,46.4,23.2,5.5,4.7,13.3,19.2
2013-2014,Oklahoma City Thunder,82,106.2,39,82.7,47.1,8.1,22.4,36.1,20.2,25,80.6,10.8,33.9,44.7,21.9,8.3,6.1,14.8,22.7
2013-2014,San Antonio Spurs,82,105.4,40.6,83.5,48.6,8.5,21.4,39.7,15.7,20,78.5,9.3,34,43.3,25.2,7.4,5.1,14.1,18.2
2013-2014,Phoenix Suns,82,105.2,38.7,83.5,46.3,9.3,25.1,37.2,18.5,24.4,75.8,11.3,31.7,43,19.1,8.4,4.6,14.8,21.9
2013-2014,Dallas Mavericks,82,104.8,39.6,83.6,47.4,8.8,22.9,38.4,16.8,21.1,79.5,10.2,30.7,40.9,23.6,8.6,4.3,13.2,20
2013-2014,Denver Nuggets,82,104.4,38.4,85.9,44.7,8.6,23.9,35.8,19.1,26.3,72.6,12.3,33.1,45.4,22.4,7.5,5.6,15.4,23
2013-2014,Golden State Warriors,82,104.3,39.5,85.4,46.2,9.4,24.8,38,15.9,21.1,75.3,10.9,34.4,45.3,23.3,7.8,5,14.9,21.8
2013-2014,Los Angeles Lakers,82,103,38.3,85.1,45,9.4,24.8,38.1,17,22.4,75.7,9.1,32,41,24.5,7.5,5.4,14.8,19.8
2013-2014,Miami Heat,82,102.2,38.3,76.5,50.1,8.1,22.3,36.4,17.5,23,76,7.6,29.2,36.9,22.5,8.9,4.5,14.2,19.5
2013-2014,Toronto Raptors,82,101.3,36.5,81.9,44.5,8.7,23.4,37.2,19.6,25.1,78.2,11.4,31.1,42.5,21.2,7,4.2,13.4,23
2013-2014,Detroit Pistons,82,101,38.8,86.9,44.7,6.2,19.3,32.1,17.3,25.7,67,14.6,30.8,45.4,20.9,8.4,4.8,13.9,20.3
2013-2014,Atlanta Hawks,82,101,37.3,81.6,45.8,9.4,25.8,36.3,17,21.7,78.1,8.7,31.3,40,24.9,8.3,4,14.5,19.2
2013-2014,Washington Wizards,82,100.7,38.7,84.4,45.9,7.9,20.8,38,15.3,20.9,73.1,10.8,31.4,42.2,23.3,8.1,4.6,14.1,20.4
2013-2014,Sacramento Kings,82,100.5,36.9,82.5,44.7,6,18,33.3,20.7,27.3,75.9,12.1,32.4,44.5,18.9,7.2,3.9,14.7,22.5
2013-2014,New Orleans Pelicans,82,99.7,37.8,82.5,45.9,5.9,15.9,37.3,18.2,23.6,76.9,11.4,30.3,41.7,21.3,7.9,6.4,13,22.6
2013-2014,Philadelphia 76ers,82,99.5,37.9,87.2,43.5,7,22.5,31.2,16.6,23.4,71,11.6,31.2,42.7,21.8,9.3,4,16.4,22.5
2013-2014,New York Knicks,82,98.6,36.9,82.2,44.9,9.3,24.9,37.2,15.5,20.4,76.1,10.6,29.7,40.3,20,7.7,4.5,12.4,22.1
2013-2014,Brooklyn Nets,82,98.5,35.7,77.9,45.9,8.6,23.4,36.9,18.4,24.4,75.3,8.8,29.4,38.1,20.9,8.6,3.8,14,21.7
2013-2014,Cleveland Cavaliers,82,98.2,37,84.8,43.7,7.1,20,35.6,17,22.7,75.1,12.1,32.1,44.1,21.2,7.1,3.7,13.5,20
2013-2014,Charlotte Bobcats,82,96.9,36.3,82.1,44.2,6.3,17.9,35.1,18,24.4,73.7,9.5,33.2,42.7,21.7,6.1,5.1,11.6,18.2
2013-2014,Indiana Pacers,82,96.7,36,80.2,44.9,6.7,18.8,35.7,18.1,23.3,77.9,10.2,34.5,44.7,20.1,6.7,5.4,14.5,20.4
2013-2014,Orlando Magic,82,96.5,36.9,82.7,44.5,6.9,19.5,35.3,15.9,20.9,76.3,9.7,32.4,42,21,7.7,4.3,14.2,20.5
2013-2014,Boston Celtics,82,96.2,36.5,83.9,43.5,7,21.1,33.3,16.2,20.8,77.7,12,30.5,42.5,21,7.1,4.2,14.4,21.3
2013-2014,Memphis Grizzlies,82,96.1,38.1,82,46.4,4.9,14,35.3,15.1,20.3,74.1,11.6,30.8,42.4,21.9,7.7,4.6,12.9,19.1
2013-2014,Milwaukee Bucks,82,95.5,36,82.2,43.8,6.7,18.9,35.3,16.8,22.5,74.7,11.8,29.3,41.1,21.5,6.6,4.9,14.3,20.9
2013-2014,Utah Jazz,82,95,36,81.1,44.4,6.6,19.2,34.4,16.4,22,74.7,11,30.2,41.2,20.3,7,4.5,14,20.7
2013-2014,Chicago Bulls,82,93.7,34.7,80.2,43.2,6.2,17.8,34.8,18.1,23.3,77.9,11.4,32.7,44.1,22.7,7.2,5.2,14,19.1
2012-2013,Denver Nuggets,82,106.1,40.7,85.2,47.8,6.4,18.5,34.3,18.4,26.2,70.1,13.3,31.7,45,24.4,9.3,6.5,14.7,20.5
2012-2013,Houston Rockets,82,106,38.1,82.7,46.1,10.6,28.9,36.6,19.2,25.5,75.4,11.1,32.3,43.4,23.2,8.3,4.4,15.8,20.3
2012-2013,Oklahoma City Thunder,82,105.7,38.1,79.3,48.1,7.3,19.4,37.7,22.2,26.8,82.8,10.4,33.2,43.6,21.4,8.3,7.6,14.6,20.2
2012-2013,San Antonio Spurs,82,103,39.1,81.4,48.1,8.1,21.5,37.6,16.6,21,79.1,8.1,33.2,41.3,25.1,8.5,5.4,14.1,17.4
2012-2013,Miami Heat,82,102.9,38.4,77.4,49.6,8.7,22.1,39.6,17.4,23,75.4,8.2,30.4,38.6,23,8.7,5.4,13.3,18.7
2012-2013,Los Angeles Lakers,82,102.2,37.1,81,45.8,8.7,24.6,35.5,19.3,27.9,69.2,11.5,33.3,44.8,22.2,7,5.2,14.6,17.9
2012-2013,Golden State Warriors,82,101.2,38.2,83.4,45.8,8,19.9,40.3,16.8,21.3,79,10.8,34.2,45,22.5,6.9,4.2,14.8,21.4
2012-2013,Dallas Mavericks,82,101.1,38.8,84,46.2,7.4,19.9,37.2,16.1,20.4,79.3,9.4,32.6,41.9,23.2,7.9,5.5,13.5,20.7
2012-2013,LA Clippers,82,101.1,38.5,80.6,47.8,7.6,21.4,35.8,16.4,23,71.1,11.4,30.2,41.6,23.9,9.6,5.6,13.8,20.9
2012-2013,Sacramento Kings,82,100.2,37.6,84.2,44.7,7.4,20.5,36.3,17.5,22.8,76.9,11.5,29.1,40.6,20.8,8.2,4.2,14,20.9
2012-2013,New York Knicks,82,100,36.5,81.6,44.8,10.9,28.9,37.6,16,21.1,75.9,10.9,29.7,40.6,19.3,8.2,3.6,11.6,20.1
2012-2013,Milwaukee Bucks,82,98.9,38.1,87.8,43.5,7.3,20.4,36,15.3,20.7,73.6,13,30.9,44,22.9,8.4,6.7,13.6,19
2012-2013,Utah Jazz,82,98,37.1,81.8,45.4,6.2,16.9,36.6,17.5,23,76.4,12.1,30,42,22.7,8.4,6.3,14.2,21.3
2012-2013,Atlanta Hawks,82,98,37.6,81,46.4,8.6,23.2,37.1,14.1,19.7,71.5,9.2,31.6,40.9,24.5,8.1,4.5,14.3,18
2012-2013,Portland Trail Blazers,82,97.5,36.7,81.9,44.8,8.2,23.2,35.3,15.9,20.5,77.6,10.7,30.2,40.8,21.8,6.6,4.3,14.2,18.5
2012-2013,Toronto Raptors,82,97.2,36.3,81.5,44.6,7,20.3,34.3,17.6,22.3,78.8,10.6,29.6,40.2,21.5,7.3,4.8,13.2,22.4
2012-2013,Brooklyn Nets,82,96.9,35.9,79.8,45,7.7,21.5,35.7,17.5,23.9,73.1,12.8,30,42.8,20.3,7.3,4.8,13.9,18.3
2012-2013,Boston Celtics,81,96.5,37,79.7,46.5,6.1,17.2,35.8,16.3,21,77.6,8.1,31.3,39.3,22.8,8.2,4.5,13.9,21.2
2012-2013,Cleveland Cavaliers,82,96.5,36.5,84.2,43.4,6.7,19.3,34.6,16.8,22.3,75.6,12.2,28.8,41,20.7,7.9,4.1,13.4,21.2
2012-2013,Minnesota Timberwolves,82,95.7,35.9,81.7,43.9,5.5,18,30.5,18.5,24.9,74.2,11.9,30.2,42,22.4,8.5,4.7,14.1,18.4
2012-2013,Phoenix Suns,82,95.2,37.3,84.4,44.3,5.9,17.7,33,14.7,19.7,74.4,11.7,29.9,41.6,22.6,8,5.3,14.9,20.6
2012-2013,Detroit Pistons,82,94.9,36.3,81,44.9,6.3,17.6,35.6,15.9,22.8,69.9,12.1,30,42.1,21.2,7,4.9,14.6,19.8
2012-2013,Indiana Pacers,81,94.7,35.1,80.6,43.6,6.9,19.7,34.7,17.6,23.6,74.6,12.9,33,45.9,20.3,7.2,6.3,14.5,20
2012-2013,Orlando Magic,82,94.1,37.7,84.2,44.8,6.2,18.7,32.9,12.5,16.6,75.5,10.9,31.9,42.7,22.8,6.4,4.4,14,19.4
2012-2013,New Orleans Hornets,82,94.1,36,80.4,44.8,6.5,18,36.3,15.5,20,77.6,12,29.6,41.6,21,6.3,5.4,13.7,20.4
2012-2013,Charlotte Bobcats,82,93.4,34.4,81.1,42.5,5.7,17.1,33.5,18.9,25.1,75,11.2,29.1,40.3,19.4,7.2,5.8,13.1,19
2012-2013,Memphis Grizzlies,82,93.4,36.1,81.5,44.4,4.7,13.5,34.5,16.5,21.3,77.3,12.9,29.8,42.7,20.9,8.6,5.3,13.2,20.2
2012-2013,Washington Wizards,82,93.2,35.5,81.6,43.5,6.6,18.2,36.5,15.6,21.3,73.3,10.8,32.3,43.2,21.6,7.3,4.6,14.6,20.5
2012-2013,Chicago Bulls,82,93.2,35.7,81.7,43.7,5.4,15.4,35.3,16.4,21.2,77.3,12.5,30.7,43.2,23,7.2,5.1,13.7,19.7
2012-2013,Philadelphia 76ers,82,93.2,37.3,84.1,44.4,6.3,17.5,36,12.2,16.8,72.9,10.9,30.4,41.3,22.8,7.4,4.7,12.6,18.4
2011-2012,Denver Nuggets,66,104.1,39,81.9,47.6,6.6,19.9,33.2,19.6,26.7,73.5,11.2,31.9,43.1,24,8.2,5,15.4,19.7
2011-2012,San Antonio Spurs,66,103.7,39.6,82.8,47.8,8.4,21.3,39.3,16.2,21.6,74.8,10.3,32.6,43,23.2,7.4,4.4,13.6,17.3
2011-2012,Oklahoma City Thunder,66,103.1,37.3,79.2,47.1,7.2,20,35.8,21.3,26.4,80.6,11,32.7,43.7,18.5,7.5,8.2,16.3,20.5
2011-2012,Utah Jazz,66,99.7,38.2,83.8,45.6,4.1,12.8,32.3,19.1,25.3,75.4,13,31.1,44.2,21.8,8.3,5.8,14.2,21.8
2011-2012,Milwaukee Bucks,66,99,37.9,85.6,44.3,6.6,19.2,34.5,16.6,21.4,77.4,12.4,30,42.5,23.5,8.3,5.1,14.1,19.3
2011-2012,Sacramento Kings,66,98.8,37.7,86.5,43.6,6.2,19.7,31.6,17.1,23.2,73.6,13.4,29.5,42.9,19.3,8.5,4.9,14.4,19.5
2011-2012,Miami Heat,66,98.5,37.1,79,46.9,5.6,15.6,35.9,18.8,24.2,77.5,10.4,31.2,41.6,20,8.9,5.4,15.2,19.4
2011-2012,Phoenix Suns,66,98.4,37.8,82.5,45.8,6.7,19.6,34.3,16,21.2,75.7,10.9,30.8,41.7,22.5,6.5,5.5,14.1,18.7
2011-2012,Houston Rockets,66,98.1,37.7,84,44.9,7.2,20.2,35.9,15.4,19.7,78.2,11.7,30.5,42.2,21.3,7.5,4.8,14.5,20.4
2011-2012,Minnesota Timberwolves,66,97.9,35.7,82.3,43.3,7.2,21.6,33.2,19.4,25.2,77.1,12.1,31.7,43.7,19.5,6.6,4.4,15.2,18.4
2011-2012,New York Knicks,66,97.8,35.8,80.8,44.3,7.8,23.3,33.6,18.3,24.8,74.1,11.3,30.5,41.7,20.1,9.4,4.2,16,21.1
2011-2012,Golden State Warriors,66,97.8,37.7,82.5,45.7,7.9,20.5,38.8,14.4,18.7,77,9.7,29.5,39.2,22.3,8,5.5,13.9,21.4
2011-2012,Indiana Pacers,66,97.7,35.7,81.4,43.8,5.9,16.1,36.8,20.4,26.1,78.2,12.5,31.4,43.9,18.6,7.9,5.4,14,21.7
2011-2012,LA Clippers,66,97.5,37,81.3,45.5,7.8,21.8,35.7,15.8,23.3,68,12.1,29.4,41.6,21,8.4,4.8,13.3,21.2
2011-2012,Los Angeles Lakers,66,97.3,36.8,80.6,45.7,5.5,16.8,32.6,18.2,24.1,75.6,12.1,34.1,46.2,22.5,5.9,5.3,15.1,16.8
2011-2012,Portland Trail Blazers,66,97.2,36.4,82.1,44.3,7.2,20.9,34.6,17.2,21.6,79.6,11.1,29.5,40.7,20.4,8,4.9,14.2,19
2011-2012,Atlanta Hawks,66,96.6,36.8,81,45.4,7.5,20.2,37,15.5,21,74,9.9,31.3,41.2,22.4,8.1,4.6,14,17.8
2011-2012,Chicago Bulls,66,96.3,37.4,82.8,45.2,6.3,16.9,37.5,15.2,21.1,72.2,13.9,32.8,46.7,23.1,6.9,5.9,14,17.3
2011-2012,Dallas Mavericks,66,95.8,36.3,82,44.3,7.5,22.2,33.9,15.6,20.2,77.1,10.1,32.7,42.8,20.9,8.6,5.1,14,18.6
2011-2012,Memphis Grizzlies,66,95,36.7,82.2,44.7,4.2,12.9,32.6,17.3,22.8,75.9,12.6,29.5,42,19.5,9.6,5.2,14.5,19.9
2011-2012,Orlando Magic,66,94.2,34.5,78.2,44.1,10.2,27,37.5,15.1,22.8,66,11.2,31.2,42.5,20,6.8,4.2,14.9,17.7
2011-2012,Philadelphia 76ers,66,93.6,37.4,83.6,44.8,5.3,14.6,36.2,13.5,18.2,74.2,10.7,32.5,43.2,22,8,5.2,11.2,17.5
2011-2012,Washington Wizards,66,93.6,36.6,83,44.1,5.2,16.3,32,15.3,21,72.7,11.7,29.9,41.7,19.1,8,6.3,15.3,21.3
2011-2012,New Jersey Nets,66,93.1,34.3,80.6,42.5,7.7,22.4,34.2,16.9,21.7,77.7,11.9,28.5,40.3,19.9,7.5,3.9,15.1,19.2
2011-2012,Cleveland Cavaliers,66,93,34.3,81.2,42.2,6.7,19.3,34.6,17.8,24.9,71.6,12.7,29.5,42.3,19.8,7.1,4,15.4,20
2011-2012,Boston Celtics,66,91.8,35.5,77.1,46,5.5,15,36.7,15.4,19.8,77.8,7.7,31.1,38.8,23.6,7.5,5.5,14.8,19.9
2011-2012,Detroit Pistons,66,90.9,34.7,79.3,43.8,4.8,13.9,34.6,16.6,22.1,75.2,11.7,28.5,40.3,18.7,7,4.2,15.7,19.6
2011-2012,Toronto Raptors,66,90.7,34.4,78.1,44,5.5,16.3,34,16.4,21.4,76.9,10.6,31.4,42,20.9,6.5,4.9,15.2,23.2
2011-2012,New Orleans Hornets,66,89.6,34.8,77.3,45.1,3.9,11.8,33.3,16,21.2,75.7,11,30.2,41.1,20.7,7.4,4.8,15.5,20.1
2011-2012,Charlotte Bobcats,66,87,33.2,80.2,41.4,4,13.5,29.5,16.5,22.2,74.6,10.3,28.7,39,20.1,6,5.5,14.5,18.9
2010-2011,Denver Nuggets,82,107.5,38.4,80.6,47.6,8.1,20.8,38.8,22.7,29.6,76.5,9.6,32.3,42,22.1,7.4,4.3,14.1,21
2010-2011,New York Knicks,82,106.5,38.3,83.7,45.7,9.3,25.4,36.8,20.6,25.5,80.9,10.3,30.1,40.5,21.4,7.6,5.8,13.7,21.3
2010-2011,Houston Rockets,82,105.9,38.7,85.1,45.4,8.3,22.5,36.7,20.3,25.4,80.1,11.7,31.1,42.8,23.8,7.1,4.5,13.5,20
2010-2011,Phoenix Suns,82,105,39.3,83.5,47,8.5,22.6,37.7,18,23.6,75.9,10,30.2,40.2,23.7,6.6,4.4,14.3,20.3
2010-2011,Oklahoma City Thunder,82,104.8,37.4,80.6,46.4,5.9,17.1,34.7,24.1,29.3,82.3,11,31.8,42.8,20.4,8,5.9,14.1,22.4
2010-2011,San Antonio Spurs,82,103.7,38.4,80.8,47.5,8.4,21.1,39.7,18.5,24.2,76.7,10.1,31.7,41.9,22.4,7.3,4.5,13.4,19
2010-2011,Golden State Warriors,82,103.4,39.6,85.9,46.1,8.4,21.3,39.2,15.7,20.7,76.1,11.6,28.9,40.5,22.5,9,5,14.6,22
2010-2011,Miami Heat,82,102.1,37,76.8,48.1,6.7,18,37,21.5,27.9,76.9,9.6,32.5,42.1,20,6.6,5.2,13.9,20.4
2010-2011,Los Angeles Lakers,82,101.5,38.1,82.4,46.3,6.4,18.1,35.2,18.8,24.1,77.9,12.1,31.9,44,22,7.3,5.1,13.1,19
2010-2011,Minnesota Timberwolves,82,101.1,37.7,85.5,44.1,7.2,19.1,37.6,18.5,24.1,76.8,13.2,31.2,44.4,20.1,7.2,5.1,17,22.3
2010-2011,Dallas Mavericks,82,100.2,37.4,78.8,47.5,7.9,21.6,36.5,17.5,22.6,77.7,9.5,31.9,41.4,23.8,6.8,4.3,14,19.2
2010-2011,Memphis Grizzlies,82,99.9,39,82.9,47.1,3.8,11.3,33.4,18.1,24.2,75,11.8,29.2,41,20.6,9.4,5.4,14,20.8
2010-2011,Indiana Pacers,82,99.8,36.6,82.8,44.2,7.1,20.2,35.4,19.4,24.8,78.2,11.1,32.4,43.5,19.6,7.1,5.6,15.4,21.7
2010-2011,Utah Jazz,82,99.4,37.4,80.4,46.5,5.3,15.3,34.6,19.4,25.1,77.1,11,28.5,39.5,23.4,7.7,5.9,14.3,22.7
2010-2011,Sacramento Kings,82,99.4,38.2,85.1,44.9,5.2,15.6,33.5,17.7,24.2,73.4,13.1,30.8,43.9,20.4,7.4,4.8,16.1,22
2010-2011,Orlando Magic,82,99.2,36,78.2,46.1,9.4,25.6,36.6,17.7,25.6,69.2,10.5,32.7,43.2,20,6.7,4.7,14.9,20
2010-2011,Toronto Raptors,82,99.1,38.3,82.4,46.5,4.2,13.3,31.6,18.2,24.1,75.5,11.7,28.6,40.3,21.9,7.1,4.3,14.7,22
2010-2011,Philadelphia 76ers,82,99,38.1,82.6,46.1,5.4,15.2,35.5,17.4,22.6,77,10.4,31.4,41.8,22.7,7.6,4.3,13,19.4
2010-2011,LA Clippers,82,98.6,36.8,80.4,45.7,6.3,18.5,33.8,18.9,26.7,70.7,11.6,30.5,42.1,22.1,7.1,4.9,16.4,21.1
2010-2011,Chicago Bulls,82,98.6,37.1,80.3,46.2,6.2,17.3,36.1,18.2,24.5,74.3,11.8,32.4,44.2,22.3,7.2,5.7,14.2,20
2010-2011,Washington Wizards,82,97.3,37.2,84,44.3,4.8,14.4,33.2,18.2,24.4,74.5,12.4,29,41.3,19.4,8.1,6.1,15.3,22.6
2010-2011,Detroit Pistons,82,97,37.3,81.1,46,5.8,15.3,37.6,16.7,22.6,73.7,11.4,27.3,38.6,21.1,7.3,4,13,19.9
2010-2011,Boston Celtics,82,96.5,36.9,75.8,48.6,5,13.6,36.5,17.8,23.1,77,7.8,31,38.8,23.4,8.2,4.2,14.6,20.5
2010-2011,Portland Trail Blazers,82,96.3,36,80.5,44.7,6.3,18.3,34.5,18,22.4,80.4,12.1,27.2,39.3,21.2,8,4.4,13,19.3
2010-2011,Cleveland Cavaliers,82,95.5,35.2,81.1,43.4,6.2,18.2,34.2,18.9,25.3,74.5,10.4,29.9,40.3,21,6.6,4.2,14.2,20.1
2010-2011,Atlanta Hawks,82,95,36.2,78.4,46.2,6.1,17.4,35.2,16.4,21.1,77.9,9.3,30,39.3,22,6.1,4.2,13.6,19
2010-2011,New Orleans Hornets,82,94.9,35.9,78.2,45.9,5.4,15,36,17.7,23.1,76.5,10,30.1,40.1,20.6,7.6,4.4,13,21
2010-2011,New Jersey Nets,82,94.2,35.6,81,44,5.6,16.3,34.3,17.4,22.9,75.9,11.1,29.8,40.8,21,5.6,4.7,14,22
2010-2011,Charlotte Bobcats,82,93.3,35,77.6,45.1,4.8,14.7,32.7,18.4,24.4,75.6,10.3,29.8,40.1,21.1,6.4,5.3,14.5,20
2010-2011,Milwaukee Bucks,82,91.9,34.3,79.8,43,5.9,17.2,34.2,17.4,22.9,75.7,10.5,30.2,40.8,18.8,7.5,4.9,13.5,20.5
2009-2010,Phoenix Suns,82,110.2,40.7,82.8,49.2,8.9,21.6,41.2,19.9,25.8,77,11.1,31.9,43,23.3,5.8,5.1,14.8,20.9
2009-2010,Golden State Warriors,82,108.8,40.6,86.5,46.9,7.7,20.6,37.5,19.9,25.4,78.2,9.2,29.2,38.4,22.4,9.3,4.1,14.7,23
2009-2010,Denver Nuggets,82,106.5,38.1,81.4,46.8,6.6,18.5,35.9,23.6,30.6,77.2,10.8,30.5,41.4,21,8.3,5.1,13.9,22.5
2009-2010,Utah Jazz,82,104.2,39.4,80.2,49.1,5.4,14.7,36.4,20.2,27.2,74.1,10.6,31.6,42.2,26.7,8.2,4.9,15.2,22.7
2009-2010,Toronto Raptors,82,104.1,39,80.9,48.2,6.3,17,37.1,19.7,25.8,76.4,9.8,30.6,40.4,22,5.7,4.7,13.4,22.2
2009-2010,Orlando Magic,82,102.8,36.6,78,47,10.3,27.3,37.5,19.2,26.5,72.4,9.9,33.4,43.2,19.7,6.2,5.6,14.1,19.9
2009-2010,Memphis Grizzlies,82,102.5,39.3,83.8,46.9,4.2,12.4,33.7,19.7,26.9,73.3,13,30.4,43.5,18.8,7.9,4.9,15.2,20.2
2009-2010,Houston Rockets,82,102.4,37.7,84.4,44.7,7.9,22.4,35.1,19,24.7,77.2,11.8,30.1,42,21.8,7.1,3.9,14.5,20.9
2009-2010,Cleveland Cavaliers,82,102.1,37.8,77.9,48.5,7.3,19.3,38.1,19.1,26.6,72,9.6,32.8,42.5,22.4,6.9,5.2,13.9,19.4
2009-2010,New York Knicks,82,102.1,38.1,83.9,45.5,9.1,26.2,34.6,16.8,21.5,78.2,10.2,30.2,40.4,21.6,7.1,3.7,14,20
2009-2010,Dallas Mavericks,82,102,38.3,82.4,46.5,6.8,18.3,37.3,18.6,22.8,81.6,10.2,31.5,41.7,23.4,7.6,5.5,12.9,19.1
2009-2010,Los Angeles Lakers,82,101.7,38.3,83.8,45.7,6.5,19,34.1,18.5,24.2,76.5,11.9,32.5,44.3,21.1,7.5,4.9,13.4,19.4
2009-2010,Atlanta Hawks,82,101.7,38.8,82.9,46.8,6.4,17.7,36,17.7,23.3,75.9,11.8,29.9,41.7,21.8,7.2,5,12,19.9
2009-2010,Oklahoma City Thunder,82,101.5,37.4,80.8,46.2,5.1,15,34,21.7,27,80.5,11.7,31.8,43.5,20,8,5.9,15,21.3
2009-2010,San Antonio Spurs,82,101.4,38.4,81.2,47.3,6.8,18.9,35.8,17.8,24,74,10.8,32,42.8,22.3,6.3,4.6,13.6,20.4
2009-2010,Indiana Pacers,82,100.8,36.8,83.2,44.3,8,23.1,34.8,19.1,24.6,77.5,9.6,31.9,41.5,21.1,7.1,5.4,15,22.5
2009-2010,New Orleans Hornets,82,100.2,38.8,83.4,46.4,7,19.2,36.3,15.8,20.3,77.8,10.4,29.9,40.3,22.3,7.6,3.7,13.5,19.6
2009-2010,Sacramento Kings,82,100,38.3,84.1,45.6,5.9,16.9,34.9,17.4,24,72.6,11.9,30.7,42.6,20.5,6.9,4.5,15,22.3
2009-2010,Boston Celtics,82,99.2,37.1,76.8,48.3,6.1,17.5,34.8,19,25.5,74.6,8.7,29.9,38.6,23.5,8.5,4.9,14.9,22.1
2009-2010,Minnesota Timberwolves,82,98.2,37.9,84.4,44.9,4.9,14.4,34.1,17.5,23.5,74.6,11.7,31.2,42.9,19.8,7.3,3.7,16.3,20.7
2009-2010,Portland Trail Blazers,82,98.1,36.3,78.7,46.1,6,16.9,35.4,19.6,24.8,79,11.1,29.1,40.2,20.4,6.4,4.3,12.3,20.9
2009-2010,Philadelphia 76ers,82,97.7,37.6,81.8,46,5.8,16.8,34.3,16.7,22,75.6,11.5,29.5,41,21,8.1,5.4,14.5,20.5
2009-2010,Milwaukee Bucks,82,97.7,37.2,85.3,43.6,7.9,22.1,35.6,15.4,20.4,75.5,11.8,31.2,43,21.2,7.1,4.7,13.2,22.2
2009-2010,Chicago Bulls,82,97.5,37.6,83.2,45.1,4.3,13,33,18,23.9,75.4,11.4,33.1,44.5,20.8,6.5,5.8,14.3,20.1
2009-2010,Miami Heat,82,96.5,36.4,79.5,45.8,6,17.4,34.6,17.7,23.5,75.2,10.7,31.1,41.8,18.9,7.4,5.6,13.2,20.9
2009-2010,Washington Wizards,82,96.2,36.7,81.7,44.9,5.3,14.9,35.3,17.6,23.1,76.2,11.8,30,41.8,19,6,5.1,14.9,21.4
2009-2010,LA Clippers,82,95.7,36.6,80.5,45.5,5.9,17.8,33.2,16.6,22.8,73,11.3,30.5,41.8,22.1,6.5,5.7,15.7,19.3
2009-2010,Charlotte Bobcats,82,95.3,34.9,76.9,45.3,5.6,16.2,34.6,20,26.6,75.1,10.5,30.4,40.8,20.2,7.7,5.4,15.7,19.5
2009-2010,Detroit Pistons,82,94,35.9,80.5,44.5,4.6,14.5,31.4,17.7,24.4,72.8,12.8,27.3,40.2,19.4,7.3,3.8,13.4,22.2
2009-2010,New Jersey Nets,82,92.4,34.3,79.9,42.9,4.6,14.5,31.8,19.2,24.6,78,10.9,28.8,39.7,18.8,7,4.8,14.4,20
2008-2009,Phoenix Suns,82,109.4,41.1,81.6,50.4,6.7,17.6,38.3,20.4,27.5,74.4,11,30.7,41.7,23.2,7.2,5.1,15.7,20.6
2008-2009,Golden State Warriors,82,108.6,39.4,86,45.8,6.7,18,37.3,23.1,29.2,79.1,11.6,30.4,42,20.9,7.8,6.4,14.6,22.5
2008-2009,Los Angeles Lakers,82,106.9,40.3,85.1,47.4,6.7,18.5,36.1,19.6,25.5,77,12.4,31.5,43.9,23.3,8.8,5.1,13.5,20.7
2008-2009,New York Knicks,82,105.2,38.5,86.5,44.5,10,27.9,36,18.2,23.2,78.4,11.1,31,42.1,21.2,7.4,2.5,14.3,20.4
2008-2009,Indiana Pacers,82,105.1,39.3,86.3,45.5,8,21,37.8,18.6,23,80.7,11.3,32.5,43.7,21.6,7,5.3,14.5,23.1
2008-2009,Denver Nuggets,82,104.3,37.3,79.4,47,6.7,18,37.1,23.1,30.3,76,11,30.6,41.6,22.2,8.7,6,15.3,22.9
2008-2009,Utah Jazz,82,103.6,38.3,80.8,47.5,4.8,13.7,34.9,22.1,28.7,77.1,11.5,29.5,41,24.7,8.8,4.6,14.8,22.3
2008-2009,Chicago Bulls,82,102.2,38.1,83.5,45.7,6,15.8,38.1,19.9,25,79.6,11.8,30.3,42.1,21.1,7.5,5.5,14.5,20.8
2008-2009,Dallas Mavericks,82,101.7,38.1,82.6,46.2,7,19.9,35,18.5,22.6,81.9,11.1,31.6,42.7,21.7,7.2,5.2,12.7,19.5
2008-2009,Orlando Magic,82,101,35.7,78.2,45.7,10,26.2,38.1,19.6,27.5,71.5,10,33.3,43.3,19.4,7,5.4,13.9,20.3
2008-2009,Boston Celtics,82,100.9,37.5,77.2,48.6,6.6,16.5,39.7,19.4,25.3,76.5,10.6,31.5,42.1,22.7,7.6,4.7,15.6,23.1
2008-2009,Sacramento Kings,82,100.6,36.5,81.5,44.7,7.1,19.4,36.8,20.5,25.7,79.8,10.2,28.9,39.1,19.7,6.9,4.3,15.4,23.3
2008-2009,Cleveland Cavaliers,82,100.3,36.9,78.7,46.8,8,20.4,39.3,18.6,24.5,75.7,10.8,31.4,42.2,20.3,7.2,5.3,12.7,20.3
2008-2009,Portland Trail Blazers,82,99.4,36.8,79.2,46.5,7.3,19,38.3,18.5,24.2,76.5,12.9,28.8,41.7,20.3,6.7,4.9,12.9,20.4
2008-2009,Milwaukee Bucks,82,99.3,36.7,82.4,44.5,6.2,17.2,36.3,19.7,25.2,78,11.9,28.9,40.7,22,7.4,3.8,14.1,24.2
2008-2009,Toronto Raptors,82,99,37.2,81.4,45.8,5.8,15.7,37.2,18.7,22.7,82.4,9.8,30.6,40.4,22.4,6.4,4.8,13.4,19.4
2008-2009,Houston Rockets,82,98.4,36.1,79.6,45.3,7.6,20.2,37.5,18.7,23.2,80.5,10.5,32.5,43,20.3,6.7,4.3,14.1,18.9
2008-2009,Miami Heat,82,98.3,37,81,45.7,7.1,19.9,35.7,17.2,22.8,75.4,10.1,29.4,39.5,20.4,7.9,5.5,12.5,20.7
2008-2009,Atlanta Hawks,82,98.1,36,78.7,45.8,7.3,19.9,36.6,18.7,25.4,73.7,10.6,29.4,40,20.2,7.4,4.6,12.8,19.6
2008-2009,New Jersey Nets,82,98.1,35.7,79.7,44.8,8,21.2,37.6,18.8,24.1,77.9,10.4,29.5,39.8,20,6.8,4.8,13.1,22.4
2008-2009,Minnesota Timberwolves,82,97.8,36.4,82.5,44.1,6.6,18.8,35.3,18.3,23.9,76.9,11.9,29.8,41.7,20.4,6.2,3.9,14.2,21.8
2008-2009,Philadelphia 76ers,82,97.4,36.5,79.7,45.9,4.2,13.1,31.8,20.1,27,74.5,12.7,28.5,41.2,20.1,8,5.1,14.1,20.1
2008-2009,San Antonio Spurs,82,97,37.1,79.7,46.6,7.6,19.8,38.6,15.2,20,76.1,8.9,32.2,41,21.2,5.8,4,11.7,18.9
2008-2009,Oklahoma City Thunder,82,97,36.6,81.9,44.7,4,11.6,34.6,19.8,25.2,78.6,12.2,30.5,42.6,20.3,7.4,4.5,16.2,20.2
2008-2009,Washington Wizards,82,96.1,36.5,81.2,45,4.8,14.6,33,18.2,23.8,76.7,11.7,28.4,40.1,20,7.5,4.5,14,20.5
2008-2009,New Orleans Hornets,82,95.8,35.5,77.6,45.7,6.8,18.6,36.4,18,22.4,80.7,9.8,29.9,39.7,19.6,7.2,4.1,12.5,20.3
2008-2009,LA Clippers,82,95.1,36,81.7,44.1,6.5,18.5,35.4,16.5,22.4,73.6,10.9,29,39.8,21,7,5.9,14.9,20.1
2008-2009,Detroit Pistons,82,94.2,36.4,80,45.4,4.6,13.2,34.9,16.9,22.5,75.1,11.6,29.9,41.4,20.6,6,4.6,11.9,20.9
2008-2009,Memphis Grizzlies,82,93.9,34.9,77,45.4,4.9,13.5,36,19.1,25.3,75.6,10.3,28.5,38.8,17.4,7.5,4.7,15.3,21.7
2008-2009,Charlotte Bobcats,82,93.6,35,76.8,45.5,6,16.3,36.6,17.7,24,74,10.8,28.9,39.7,21.2,7.1,4.8,15.6,21.4
2007-2008,Golden State Warriors,82,111,41.5,90.3,45.9,9.3,26.6,34.8,18.8,24.9,75.2,12.7,30.4,43.2,22.4,9.1,4.6,13.2,22.9
2007-2008,Denver Nuggets,82,110.7,40.3,85.8,47,6.9,19.6,35.5,23.1,30.7,75.1,11.2,32.9,44.1,24.7,9.2,6.7,14.7,21.1
2007-2008,Phoenix Suns,82,110.1,41.4,82.7,50,8.5,21.5,39.3,18.9,24.1,78.3,8.8,32.7,41.5,26.7,6.5,6.3,14.4,19.9
2007-2008,Los Angeles Lakers,82,108.6,39.6,83.1,47.6,8.1,21.4,37.8,21.3,27.7,76.9,11,33.2,44.1,24.4,8,5.3,14.1,20.6
2007-2008,Utah Jazz,82,106.2,40,80.4,49.7,5,13.4,37.2,21.3,28,75.9,11.5,29.4,40.9,26.4,8.7,4.3,14.6,24
2007-2008,Orlando Magic,82,104.5,37.3,78.6,47.4,9.8,25.3,38.6,20.1,27.9,72.1,9.4,32.6,42,20.8,6.3,4.1,14.3,20.6
2007-2008,Indiana Pacers,82,104,37.8,85.3,44.4,9.2,24.6,37.4,19.1,24.9,76.8,11,32.1,43.1,22.7,7.6,5,15.1,23.4
2007-2008,Sacramento Kings,82,102.5,37.1,80,46.4,6.2,16.7,37.3,22.1,27.7,79.8,10.1,30,40.1,19.1,7.9,4.1,16.1,22.4
2007-2008,New Orleans Hornets,82,100.9,38.6,82.9,46.6,7.7,19.8,38.9,16,20.8,76.9,11.4,30.4,41.8,21.8,7.8,3.9,11.9,18.7
2007-2008,Memphis Grizzlies,82,100.7,37.3,82.2,45.4,7.6,21.7,34.9,18.5,25.6,72.3,10.3,31.3,41.6,19.2,6.1,4.7,15.3,19.4
2007-2008,Boston Celtics,82,100.5,36.4,76.7,47.5,7.3,19.1,38.1,20.5,26.5,77.1,10.1,31.9,42,22.4,8.5,4.6,15.2,22.7
2007-2008,Dallas Mavericks,82,100.4,36.9,79.5,46.4,6,17.1,35.2,20.6,25.3,81.4,10.8,32.2,43,21,6,4.9,12.6,21.8
2007-2008,Toronto Raptors,82,100.2,38.4,82,46.8,7,17.8,39.2,16.4,20.2,81.2,9.6,30.4,40.1,23.8,7,4.1,11.7,19.5
2007-2008,Washington Wizards,82,98.8,36.4,81.6,44.6,7,19.7,35.6,19,24.3,78.2,12.3,29.3,41.6,19.6,7.7,4.8,13.2,19.6
2007-2008,Atlanta Hawks,82,98.2,36.3,79.9,45.4,4.7,13.1,35.6,21,27.2,77.2,12.3,29.9,42.2,22,7.3,5.5,14.9,20.4
2007-2008,Seattle SuperSonics,82,97.5,38.1,85.8,44.4,3.8,11.5,33.3,17.5,22.8,77,11.8,32.8,44.6,21.3,6.5,4.9,16,20.5
2007-2008,Detroit Pistons,82,97.5,36.6,79.9,45.8,5.9,16.2,36.6,18.4,24,76.7,11.9,29.5,41.4,22.3,7.1,5.8,11.7,20.6
2007-2008,Chicago Bulls,82,97.3,36.4,83.7,43.5,5.8,15.9,36.3,18.7,24.7,75.6,12.8,30.2,43,22.1,7.7,5.2,14.6,21.8
2007-2008,Charlotte Bobcats,82,97.1,36.1,79.9,45.2,6.5,17.6,36.7,18.4,25.8,71.4,10.9,29.8,40.6,21.3,7.5,4.9,14.7,21.7
2007-2008,Milwaukee Bucks,82,97,36.9,82.3,44.9,5.5,16,34.4,17.7,24.1,73.3,12.9,28.8,41.7,21.5,6.6,4.4,14.8,21.3
2007-2008,New York Knicks,82,96.9,36.2,82.4,43.9,6,17.7,33.7,18.6,25.5,72.7,12.5,30,42.5,18.7,6.4,2.6,14.5,21.5
2007-2008,Houston Rockets,82,96.7,36.6,81.7,44.8,7.1,20.8,34.2,16.4,22.5,72.6,12.2,32.4,44.6,21.4,7.3,5.1,13.7,19.6
2007-2008,Philadelphia 76ers,82,96.6,37.3,81.1,46,3.7,11.6,31.7,18.4,26.1,70.6,13,28.9,41.9,20.4,8.7,4.9,14.3,19.8
2007-2008,Cleveland Cavaliers,82,96.4,35.8,81.7,43.9,6.7,18.8,35.8,18,25.1,71.7,13.3,31.3,44.6,20,7.1,5.2,14,20.9
2007-2008,New Jersey Nets,82,95.8,34.8,78.7,44.3,6.1,17.4,34.8,20.1,27.3,73.6,11.1,30.7,41.9,23.5,6.4,4.8,15,22.6
2007-2008,Minnesota Timberwolves,82,95.6,37.5,83.1,45.1,5.4,15.4,35,15.2,20.6,73.6,11.8,29.6,41.4,19.9,7.5,3.7,14.5,23
2007-2008,Portland Trail Blazers,82,95.4,35.8,79.8,44.8,6.6,17.4,37.7,17.2,22.5,76.7,11,29.7,40.7,21.1,5.5,4.4,12.9,20
2007-2008,San Antonio Spurs,82,95.4,35.8,78.3,45.7,7.2,19.6,36.9,16.5,21.6,76.1,9.4,31.9,41.3,21,6.4,4.1,12.6,18.7
2007-2008,LA Clippers,82,93.8,34.4,78.6,43.8,4.3,13.2,32.4,20.8,26.6,78.1,9.8,30.4,40.1,21.1,6.8,4.9,14.4,21.3
2007-2008,Miami Heat,82,91.4,34.2,77.3,44.3,6,16.7,35.8,16.9,23.2,72.7,9.1,28.6,37.6,20,7.2,4.3,14.7,20.4
2006-2007,Phoenix Suns,82,110.2,41.3,83.6,49.4,9.6,24,39.9,18,22.3,80.8,9,31.5,40.5,25.9,6.7,4.8,14.5,20.2
2006-2007,Golden State Warriors,82,106.5,39.8,86,46.3,8.5,24,35.6,18.5,25.8,71.7,11.5,30,41.4,23.8,9.1,5.7,16,23.6
2006-2007,Denver Nuggets,82,105.4,38.6,83,46.5,5.9,17.6,33.6,22.3,29.9,74.6,12.2,31.2,43.4,23.4,8.3,5.3,16.5,21.4
2006-2007,Washington Wizards,82,104.3,37.4,83.2,45,6.8,19.7,34.8,22.6,29.6,76.5,12.2,29,41.2,20.2,7.7,4.6,13.8,22.2
2006-2007,Los Angeles Lakers,82,103.3,37.8,81.3,46.6,7.4,21,35.3,20.2,27.1,74.7,10.8,30.4,41.2,22.6,7.3,5.1,15.5,23
2006-2007,Memphis Grizzlies,82,101.6,36.6,78.6,46.5,6.1,16.6,36.7,22.4,29.4,76.1,10.6,29,39.5,20.5,6.9,5,16.4,22.3
2006-2007,Utah Jazz,82,101.5,37.4,78.9,47.4,4.3,12.9,33.5,22.3,30,74.3,12.6,30,42.5,24.7,7,4.1,15.6,25.2
2006-2007,Sacramento Kings,82,101.3,35.9,79.7,45,6.5,18.5,35,23.1,30.2,76.5,9.7,29.2,38.9,20.3,8.2,3.2,14.6,21.9
2006-2007,Dallas Mavericks,82,100,36.7,78.6,46.7,6.5,17.1,38.1,20.1,24.9,80.5,11.2,30.7,41.9,19.9,6.8,5,13.9,22.4
2006-2007,Milwaukee Bucks,82,99.7,38.1,81.9,46.5,6.4,18,35.6,17.1,23.4,73.3,11.5,27.7,39.2,21.6,7.2,2.7,15.1,22.2
2006-2007,Toronto Raptors,82,99.5,37,79.8,46.3,6.5,17.9,36.3,19,24.2,78.8,9.2,30.2,39.5,22.2,7.1,3.9,13.5,20.4
2006-2007,Seattle SuperSonics,82,99.1,37.2,80.8,46,6.4,17.7,36.2,18.4,23.3,79.1,11.3,28.3,39.6,20.7,7.7,3.7,15.5,22
2006-2007,Chicago Bulls,82,98.8,37.1,81.3,45.7,5.9,15.1,38.8,18.6,25.4,73.4,12,31.7,43.7,22.3,7.8,5.4,16,23.3
2006-2007,San Antonio Spurs,82,98.5,36.6,77.2,47.4,7.3,19,38.1,18.1,24.1,75.1,9.3,31.4,40.7,22.1,7.2,5.1,13.9,19.4
2006-2007,New Jersey Nets,82,97.6,35.5,77.8,45.7,7.4,20.4,36.3,19.1,26.3,72.7,10,30.8,40.8,23.9,6.1,3.3,14.8,22.8
2006-2007,New York Knicks,82,97.5,35.4,77.5,45.7,5.8,16.7,34.6,20.9,29.2,71.5,12.6,30.7,43.3,18.7,6.6,3.2,17.1,23.6
2006-2007,Houston Rockets,82,97,35.4,79.6,44.5,8.6,23.1,37.2,17.5,23.2,75.3,10.7,32.6,43.3,20.8,7.1,4.1,14.2,20.9
2006-2007,Charlotte Bobcats,82,96.9,36.1,81,44.6,5.6,15.6,35.7,19.1,26,73.4,11.2,28.6,39.8,22.4,7.8,4.5,14.9,24.2
2006-2007,Cleveland Cavaliers,82,96.8,36.3,81.2,44.7,6,17.1,35.2,18.1,26,69.6,12.7,30.8,43.5,20.8,7.6,4.3,14.4,21.7
2006-2007,Minnesota Timberwolves,82,96.1,36.5,79.3,46.1,4.7,13.3,35.3,18.3,23.1,79.2,10,30.2,40.2,22.5,6.5,4,15.6,21.4
2006-2007,Detroit Pistons,82,96,35.9,79.1,45.4,5.5,15.9,34.4,18.8,24.2,77.4,11.6,29,40.5,21.6,7.1,5.8,12.2,20.4
2006-2007,Boston Celtics,82,95.8,34.9,78.7,44.3,5.7,15.6,36.7,20.4,26.6,76.7,11.2,29.2,40.4,19.9,7.2,4.7,16.5,24
2006-2007,LA Clippers,82,95.6,35.1,77,45.6,3.8,11,34.8,21.6,27.4,78.8,10.8,30.3,41.1,21.5,7.3,5.8,15.1,22.7
2006-2007,Indiana Pacers,82,95.6,35,80,43.8,5.9,16.9,34.6,19.7,25.9,76,12.1,29.8,41.8,20.5,7.3,5.5,16.3,23.3
2006-2007,NO/Oklahoma City Hornets,82,95.5,36.2,81.4,44.5,5.5,15.3,36.2,17.5,23.7,74,12.5,30.6,43.1,18.7,6.4,4.2,14.5,19.8
2006-2007,Philadelphia 76ers,82,94.9,35.8,78.1,45.8,3.5,10,34.5,20,26,76.7,11,28.7,39.7,20.4,7.2,4.8,15.3,20.4
2006-2007,Orlando Magic,82,94.8,35.1,74.3,47.2,4.2,11.7,35.6,20.5,29.2,70.2,11.2,29.5,40.7,18.6,6.9,5.1,17,23.2
2006-2007,Miami Heat,82,94.6,35.6,76.7,46.4,6.4,18.8,34.3,17,24.6,69,10,30.8,40.8,20.5,6.9,5.4,14.6,21.3
2006-2007,Portland Trail Blazers,82,94.1,35,78,45,5.2,15,34.6,18.8,24.5,76.9,11.3,28,39.3,18.5,6.8,4.6,15.1,23.5
2006-2007,Atlanta Hawks,82,93.7,34.5,77.7,44.4,4.2,12.7,32.9,20.5,26.9,76.1,11.9,28.2,40.1,19.2,7.4,5.4,15.9,24
2005-2006,Phoenix Suns,82,108.4,41.8,87.4,47.9,10.2,25.6,39.9,14.5,18,80.6,9.5,32.3,41.8,26.6,6.7,5,13.3,20.5
2005-2006,Seattle SuperSonics,82,102.6,37.5,81.8,45.8,7.4,19.9,37.1,20.1,25.7,78.5,12.4,27.2,39.6,20.7,7.6,3.7,14.7,23.6
2005-2006,Washington Wizards,82,101.7,36.3,81.2,44.7,6.1,17,35.7,23,30.4,75.7,12.6,28.6,41.2,18.6,8,4.1,13.9,22.6
2005-2006,Toronto Raptors,82,101.1,36.7,81,45.4,7.4,19.8,37.5,20.2,25.5,79.1,10.5,27.9,38.5,19.4,6.5,3.3,13.1,24
2005-2006,Denver Nuggets,82,100.3,37.5,81.4,46.1,4.3,13.1,32.5,21,28.2,74.4,11,30.3,41.3,23.4,8.5,5.6,14.8,22.7
2005-2006,Miami Heat,82,99.9,37.1,77.5,47.8,6.1,17.6,34.5,19.7,28.2,70,10.5,32.6,43.1,20.6,6.4,5.4,14.5,22.8
2005-2006,Los Angeles Lakers,82,99.4,36.5,80.6,45.3,6.7,19.3,34.9,19.7,26.5,74.5,11.8,30.3,42.2,21.1,7.7,4.3,13.9,23.1
2005-2006,Philadelphia 76ers,82,99.4,36.6,79.8,45.8,4.6,12.6,36.4,21.6,28.4,76,10.6,29.6,40.2,20.2,7.9,4.9,14.1,20.9
2005-2006,Dallas Mavericks,82,99.1,36,77.7,46.2,5.1,13.6,37.4,22.2,28.3,78.3,12.6,29.6,42.2,18,7.2,6,13.6,22.4
2005-2006,Sacramento Kings,82,98.9,36,79.3,45.4,6,17.2,35.1,20.8,26.5,78.4,10.4,30.2,40.5,22.3,7.4,3.6,14.6,20.4
2005-2006,Golden State Warriors,82,98.5,35.8,82.7,43.3,7.6,22.3,34.1,19.2,26.7,71.8,12,30.3,42.3,20.7,7.4,4.4,14.1,23.7
2005-2006,Boston Celtics,82,98,36,77.1,46.7,5.7,15.7,36.2,20.3,26.9,75.5,9.9,29.7,39.6,20.9,7,5.1,16.6,24.8
2005-2006,Chicago Bulls,82,97.8,36.6,82.2,44.6,6.8,18,37.9,17.7,24,73.8,11,31.7,42.8,22,6.2,4.2,14.9,24.9
2005-2006,Milwaukee Bucks,82,97.8,36.3,80.1,45.3,6.2,16.3,38,19,25.8,73.8,11.3,29.9,41.2,21.6,7.3,3.3,14.6,23.2
2005-2006,Cleveland Cavaliers,82,97.6,35.5,78.2,45.4,6.1,17.9,33.9,20.6,28.3,72.9,11.7,30.6,42.3,19,6.9,4.8,13.9,21.1
2005-2006,Atlanta Hawks,82,97.2,35.9,79.2,45.4,5.2,14.1,36.7,20.2,26.9,75,13,27.2,40.3,19.8,7.2,4.8,15.7,25
2005-2006,LA Clippers,82,97.2,36.5,78.6,46.5,3.5,10.3,34.4,20.7,26.1,79.1,10.1,33,43.1,20.8,6.5,6.1,14.5,22.8
2005-2006,Charlotte Bobcats,82,96.9,36.1,83.5,43.3,5.2,15.4,33.9,19.4,26.7,72.9,12.1,27.7,39.8,20.9,10,4.3,14.2,23.9
2005-2006,Detroit Pistons,82,96.8,36.4,80,45.5,6.8,17.7,38.4,17.3,23.8,72.7,11.9,28.6,40.5,24,7.1,6,11.4,18.5
2005-2006,New York Knicks,82,95.6,34.4,75.7,45.5,3.9,10.8,36.2,22.9,31.5,72.6,12.6,28.8,41.4,17.9,6.8,3.3,17.7,26.3
2005-2006,San Antonio Spurs,82,95.6,36.5,77.3,47.2,6.4,16.6,38.5,16.2,23.1,70.2,10.4,31.1,41.5,20.9,6.6,5.7,13.7,20.9
2005-2006,Orlando Magic,82,94.9,35.5,75.2,47.2,3.6,9.7,37.6,20.3,27.8,73,10.9,29.3,40.2,18.2,6.5,4.4,15.1,23.3
2005-2006,Indiana Pacers,82,93.9,34,76.5,44.4,6.5,18.7,34.9,19.4,26.3,73.7,11,31.2,42.2,19.9,7.3,5,15.3,22.2
2005-2006,New Jersey Nets,82,93.8,33.9,77,44,5.8,17.6,33,20.2,26.7,75.8,10,31,41,23,6.8,3.4,13.6,23.2
2005-2006,NO/Oklahoma City Hornets,82,92.8,34.5,78.4,44,3.7,10.8,33.9,20.1,26.5,75.8,11.2,29,40.2,18.5,7.5,3.8,13.4,21.8
2005-2006,Utah Jazz,82,92.4,33.5,75.7,44.2,3.8,11.3,33.6,21.6,30.1,71.9,13.1,29,42.1,21.6,6.4,6,15.7,24.8
2005-2006,Memphis Grizzlies,82,92.2,33.5,74.7,44.8,7.2,19.2,37.4,18,25.3,71.1,10.2,29,39.2,19.3,7.3,5.4,13.8,21.4
2005-2006,Minnesota Timberwolves,82,91.7,35.2,77.3,45.6,3.8,11.5,32.9,17.5,23.1,75.8,9.9,29.5,39.4,20.9,6.8,5.7,14.5,23
2005-2006,Houston Rockets,82,90.1,33,76.2,43.3,5.7,17.2,33.2,18.3,24.1,75.9,10.4,31.3,41.6,19.3,7.2,3.9,14.5,22.7
2005-2006,Portland Trail Blazers,82,88.8,34,76.4,44.5,4.4,12.7,34.9,16.3,23.7,68.9,10.8,26.9,37.7,18.2,6.5,5.3,14.7,22.3
2004-2005,Phoenix Suns,82,110.4,40.9,85.6,47.7,9.7,24.7,39.3,19,25.4,74.8,11.8,32.3,44.1,23.5,7,5.5,13.7,19.1
2004-2005,Sacramento Kings,82,103.7,39.1,85.1,45.9,6.4,17,37.4,19.2,24.4,78.7,12.5,29.9,42.4,24.5,8.2,3.9,13.1,20.5
2004-2005,Dallas Mavericks,82,102.5,37.3,81.6,45.7,5.6,15.5,36.4,22.3,28.2,78.9,12.1,30.9,42.9,19.6,8.6,5.6,13.4,22.3
2004-2005,Miami Heat,82,101.5,37.8,77.7,48.6,5.8,15.4,37.7,20.2,30.1,67.2,10.8,32.2,43,21.8,6.4,5.8,13.7,22.1
2004-2005,Boston Celtics,82,101.3,37.1,79.4,46.8,5.3,15.3,34.9,21.6,28.3,76.4,11.1,29.7,40.8,22.1,8.1,5.2,15.8,24.4
2004-2005,Washington Wizards,82,100.5,36.2,82.9,43.7,6.3,18.3,34.3,21.9,30.2,72.5,13.8,29,42.8,19.1,8.7,4.2,14.3,22
2004-2005,Toronto Raptors,82,99.7,36,81.2,44.4,7.9,20.5,38.5,19.8,25.6,77.4,10.3,29.8,40.1,20.4,7.6,3.9,13.3,22.9
2004-2005,Denver Nuggets,82,99.5,37,80.7,45.9,3.9,11.5,34,21.5,28.2,76.3,11.8,30.2,42,23.9,9.1,6,14.9,22.9
2004-2005,Orlando Magic,82,99.5,37,81.5,45.4,3.9,11.2,34.9,21.6,28.5,75.9,12.7,31,43.7,19.3,7.7,5.4,16.1,23.6
2004-2005,Philadelphia 76ers,82,99.1,35.9,82.1,43.7,6.2,17.7,34.8,21.1,26.8,78.9,11.1,30.9,42,20.9,9.2,3.9,15.5,22.9
2004-2005,Seattle SuperSonics,82,98.9,35.1,79.2,44.4,8.1,22.2,36.5,20.5,26,79,12.7,28.2,40.9,18.1,6.7,4.1,13.6,23.7
2004-2005,Los Angeles Lakers,82,98.7,35.3,80.8,43.7,7.9,22.1,35.5,20.3,26.1,77.7,12.5,30.6,43.2,20.4,6.2,4.2,14.3,21.9
2004-2005,Golden State Warriors,82,98.7,36.9,85.8,43,7.6,21.6,35.2,17.2,23.8,72.2,13,29.7,42.7,22.1,7.8,5.1,13.6,22.4
2004-2005,New York Knicks,82,97.3,36.3,80.5,45.1,5.4,15.1,35.6,19.3,25.1,76.7,11.8,29.2,41,20.3,7.7,3.2,14.7,23.7
2004-2005,Milwaukee Bucks,82,97.2,36.1,80.2,45,4,11.3,35.1,21,27.2,77.2,12,29.3,41.3,21,6.5,3.5,13.8,21.9
2004-2005,Minnesota Timberwolves,82,96.8,37.1,80.8,45.9,4.8,14,34.5,17.7,22.2,79.6,11.5,31.5,43,23.4,5.6,5.5,13.2,21.6
2004-2005,Cleveland Cavaliers,82,96.5,36.5,81.5,44.7,3.7,11,33.2,19.9,26.5,75.2,13.6,28.7,42.3,22.6,8,5.6,13.9,22.6
2004-2005,San Antonio Spurs,82,96.2,35.6,78.7,45.3,6.2,17,36.3,18.7,25.9,72.4,12,30.4,42.4,21.6,7.5,6.6,13.7,20.9
2004-2005,LA Clippers,82,95.7,35.7,77.7,45.9,2.8,8.2,34.5,21.6,27.7,77.8,12,29.9,41.9,23.2,7.3,5.1,15.7,22.2
2004-2005,Houston Rockets,82,95.1,34.7,78.3,44.3,6.7,18.5,36.4,18.9,24.2,78.1,10.7,31.7,42.4,21.1,6.9,4.6,13.8,22
2004-2005,Chicago Bulls,82,94.5,34.7,80.4,43.2,6.2,17.5,35.7,18.7,25,75,12.2,31.6,43.8,21.3,7,4.5,16.7,24.7
2004-2005,Charlotte Bobcats,82,94.3,36.1,83.6,43.2,3.9,10.7,36.3,18.1,25.6,70.9,13.2,28.5,41.7,21.9,8.5,5.4,14.5,23.1
2004-2005,Memphis Grizzlies,82,93.4,34.2,76.5,44.7,6.5,18.1,35.7,18.6,24.7,75.4,10.8,28.1,39,20.9,8.5,5.8,14.6,23.3
2004-2005,Detroit Pistons,82,93.3,34.8,78.3,44.4,4.4,12.8,34.5,19.4,26.2,73.9,12.9,30.6,43.4,21.8,7,6.1,13.8,20
2004-2005,Indiana Pacers,82,93,32.5,75.2,43.2,6.6,19.2,34.4,21.3,26.9,79.2,10.6,29.5,40.1,18.2,7.5,4.4,14.3,23
2004-2005,Utah Jazz,82,93,34.5,76.8,44.9,3,9.3,32.8,21,27.7,75.7,12.8,27.4,40.1,22.3,6.6,4.6,15.8,26.7
2004-2005,Portland Trail Blazers,82,92.9,35.3,78.3,45.1,5.1,14.2,36.2,17.2,23.7,72.5,11.8,29.3,41.1,21,7.1,6.6,16,20.8
2004-2005,Atlanta Hawks,82,92.7,35.9,81.4,44.1,3.7,11.9,31.2,17.3,24.3,71.1,13.4,28.5,41.9,19.7,7.7,4.2,16.1,24.5
2004-2005,New Jersey Nets,82,91.4,33.6,78.3,42.9,5.3,14.7,36.2,19,24.9,76.3,10.4,29.1,39.5,21.6,7.9,3.8,14.2,24.2
2004-2005,New Orleans Hornets,82,88.4,33.1,80,41.5,5.1,16,31.5,17.1,22.3,76.6,12.4,27.8,40.2,21,6.7,3.8,14.8,23
2003-2004,Dallas Mavericks,82,105.2,40.5,88.2,45.9,6.2,17.8,34.8,18,22.6,79.6,14.3,31,45.3,23.9,8,5.3,12.2,19.6
2003-2004,Sacramento Kings,82,102.8,37.8,81.8,46.2,7.3,18.3,40.1,19.8,24.9,79.6,10.8,30.4,41.2,26.2,8.7,4,13.9,19.3
2003-2004,Los Angeles Lakers,82,98.2,36.9,81.4,45.4,4.5,13.6,32.7,19.9,28.7,69.3,12.2,30.9,43.1,23.8,8.3,4.6,13.8,21.1
2003-2004,Milwaukee Bucks,82,98,36.2,81.1,44.7,4.9,14,35,20.7,26.7,77.5,11.7,30.5,42.2,22.8,6.8,4.7,13.5,20.3
2003-2004,Denver Nuggets,82,97.2,36.5,82.5,44.3,4,12,33.6,20.2,26.3,76.7,13.2,29.1,42.3,21.9,9.1,6.3,15.6,22
2003-2004,Seattle SuperSonics,82,97.1,35.8,80.4,44.6,8.8,23.6,37.3,16.6,21.7,76.5,11.1,28.3,39.3,21.7,8.1,4.7,14.5,21.8
2003-2004,Memphis Grizzlies,82,96.7,36.1,81.2,44.5,5.5,16,34,19,26.1,72.7,12.8,29,41.8,23.4,9.7,6.9,15,23.2
2003-2004,Boston Celtics,82,95.3,34.7,78.2,44.3,6.7,19.5,34.6,19.2,25.5,75,10.4,29.8,40.1,20.5,9.4,4,16.2,22.4
2003-2004,LA Clippers,82,94.8,34.4,80.2,42.8,4,12.5,32.1,22,28.1,78.5,14,29.5,43.5,20.2,7.2,4.6,16.4,22.1
2003-2004,Minnesota Timberwolves,82,94.5,37,80.1,46.2,4,10.9,36.3,16.6,21.3,78.1,10.7,32.3,42.9,23,6.8,5.6,12.7,21.1
2003-2004,Phoenix Suns,82,94.2,36.1,81.4,44.3,5.1,14.7,34.5,17,22.7,74.6,11.3,29.3,40.6,19.3,9,4.7,15.2,22.7
2003-2004,Orlando Magic,82,94,35.4,82.5,42.9,5.2,15.2,34.4,18,24.4,73.7,12.2,28.7,40.9,19.3,6.7,3.8,13.7,21.3
2003-2004,Golden State Warriors,82,93.3,35.1,79.4,44.2,5.2,15.6,33.4,17.9,24.7,72.5,12.2,30.9,43.1,20.5,7,4.7,14.8,20.6
2003-2004,Cleveland Cavaliers,82,92.9,35.6,82.4,43.3,3,9.6,31.4,18.6,24.8,75.3,13.6,31.9,45.6,22,7.1,6.5,14.8,21.3
2003-2004,Atlanta Hawks,82,92.8,34.5,79.6,43.3,5.1,15.2,33.5,18.7,24.1,77.6,12.1,30.6,42.7,20.1,7.6,5,16.5,22.3
2003-2004,New York Knicks,82,92,35.1,79.4,44.2,5,13.6,36.4,16.8,21.1,79.3,11.6,31,42.6,20.7,7.4,4.8,15.7,23.1
2003-2004,New Orleans Hornets,82,91.8,33.8,80.5,42,6.5,20.3,31.9,17.7,23.6,75.1,13.3,29.5,42.8,20.9,8.6,4.2,15,20.9
2003-2004,Washington Wizards,82,91.8,33.6,80,42.1,5.3,15.5,34.1,19.3,27,71.4,13.6,29.2,42.8,18.7,8.9,5,17.5,20.9
2003-2004,San Antonio Spurs,82,91.5,34.7,78.5,44.2,5,13.9,35.8,17.2,25.2,68.1,12.5,32.5,45.1,20.4,8.1,6.5,14.7,20.3
2003-2004,Indiana Pacers,82,91.4,33.6,77.1,43.5,5.5,15.6,35.1,18.8,24.6,76.4,11.8,29.9,41.7,21.6,8.9,5,14.4,20.8
2003-2004,Portland Trail Blazers,82,90.7,35.3,78.9,44.8,4.6,13.4,34.6,15.4,21.1,73.1,12.7,29,41.7,21.6,7.5,5.4,14.8,19
2003-2004,Miami Heat,82,90.3,33.3,78.3,42.5,5.9,16.5,35.7,17.8,23.4,76.2,11.5,30,41.5,19.1,7.2,3.8,13.9,22.1
2003-2004,New Jersey Nets,82,90.3,34.3,77.7,44.1,4.6,13.7,33.6,17,22.6,75.3,10.5,30.2,40.7,24.5,8.6,3.9,14.7,21
2003-2004,Detroit Pistons,82,90.1,33.5,77,43.5,4.1,11.8,34.4,19,25.3,75.3,12.4,30.4,42.8,20.8,8,7,15.1,20.3
2003-2004,Houston Rockets,82,89.8,33.4,75.5,44.2,6.3,17.1,36.6,16.7,21.6,77.3,10.3,32.3,42.6,19.3,6.8,5.4,16.7,21.5
2003-2004,Chicago Bulls,82,89.7,34.1,82.4,41.4,5.2,15.3,34.2,16.2,22.4,72.5,12.8,30.7,43.5,21.9,8,4.8,16.1,23.3
2003-2004,Utah Jazz,82,88.7,32.8,75.3,43.6,3.1,9.6,32.1,20,26.8,74.6,13.5,27.7,41.2,20.4,7.1,6,16.6,25.6
2003-2004,Philadelphia 76ers,82,88,32.7,76.3,42.8,4.1,12.1,34.2,18.4,24.5,75.3,11.5,29.4,40.8,20,8,4.4,15.9,20.7
2003-2004,Toronto Raptors,82,85.4,32.4,77.4,41.8,5.6,15.8,35.6,15.1,20.1,75,10.1,29.5,39.6,19.2,7.4,4.9,14.2,21.3
2002-2003,Dallas Mavericks,82,103,38.5,85.1,45.3,7.8,20.3,38.1,18.1,21.9,82.9,11.1,31,42.1,22.4,8.1,5.5,11.6,21.1
2002-2003,Golden State Warriors,82,102.4,37.3,84.6,44.1,5.2,15.1,34.4,22.6,29,77.8,15.7,31,46.7,20.9,7.2,6.2,15.8,21.8
2002-2003,Sacramento Kings,82,101.7,39.5,85.2,46.4,6,15.7,38.1,16.7,22.3,74.6,11,33.5,44.5,24.8,9,5.6,14.5,20.3
2002-2003,Los Angeles Lakers,82,100.4,37.7,83.6,45.1,5.9,16.7,35.6,19,26,73.4,13.1,31.1,44.3,23.3,7.8,5.7,14.5,22.9
2002-2003,Milwaukee Bucks,82,99.5,37.1,81.3,45.7,7.1,18.6,38.3,18.1,23.3,77.6,10.7,28.9,39.5,22.2,7.6,4.2,12.7,22.2
2002-2003,Orlando Magic,82,98.5,35.9,82.5,43.6,6.9,19.4,35.7,19.7,25.4,77.7,11.7,29.2,40.9,20.4,8.5,3.7,14.4,23
2002-2003,Minnesota Timberwolves,82,98.1,38.7,83,46.6,3.6,9.8,36.8,17.1,22.3,77,11.7,31.9,43.6,25.2,6.7,5.3,13.7,20.8
2002-2003,Memphis Grizzlies,82,97.5,37.2,82.2,45.2,5.7,15.6,36.5,17.4,23.6,73.9,11.5,30.1,41.6,23.1,7.9,6.1,15.4,20.5
2002-2003,Philadelphia 76ers,82,96.8,36.3,81,44.8,3,9.6,31.1,21.3,27.5,77.5,12.7,29.5,42.2,21.6,10.3,3.5,14.8,22
2002-2003,Indiana Pacers,82,96.8,35.5,80.6,44.1,4.6,13.6,33.9,21.2,27.7,76.6,12.2,32,44.2,23.3,8.5,5.4,14.8,22.1
2002-2003,New York Knicks,82,95.9,36.2,82,44.1,7.4,19.3,38.3,16.1,19.8,81.5,10.3,29,39.2,22,7.1,3.1,14,23
2002-2003,San Antonio Spurs,82,95.8,35.5,76.8,46.2,5.5,15.5,35.4,19.4,26.8,72.5,11.5,31.2,42.6,20,7.7,6.5,15.8,20.4
2002-2003,Phoenix Suns,82,95.5,36.6,82.6,44.3,4.8,14,34.3,17.4,23.5,74.2,12.8,29.8,42.5,21,8.1,4.9,14.7,22
2002-2003,New Jersey Nets,82,95.4,35.4,80.3,44.1,4.2,12.7,33.2,20.3,26.8,75.7,12.1,30.8,42.9,23,8.7,4.6,14.8,21.6
2002-2003,Portland Trail Blazers,82,95.2,36.4,79.2,46,4.6,14,33,17.7,23.7,74.5,12.1,29,41.1,22.7,8.8,3.9,15.2,19.9
2002-2003,Chicago Bulls,82,95,36.5,81.9,44.5,4.3,12.2,35,17.7,24.6,72.2,12,31,43,21.7,7.4,5.6,16.9,24.7
2002-2003,Utah Jazz,82,94.7,35.3,75.5,46.8,2.7,7.8,34.9,21.3,28.6,74.5,12.5,29,41.5,25.6,8.6,5.7,16.8,22.4
2002-2003,Atlanta Hawks,82,94.1,34.9,78.5,44.4,4.9,13.9,35.2,19.4,24.5,79.3,11.4,31.2,42.6,20.5,7.5,5.8,16.7,21.7
2002-2003,New Orleans Hornets,82,93.9,35.5,81.6,43.5,4.9,13.1,37.6,17.9,23.3,76.8,13.4,30.2,43.6,22,8,4.8,14.8,21.6
2002-2003,LA Clippers,82,93.8,34.6,79.1,43.7,4.8,14.4,33.1,19.9,26.5,75,12.3,30,42.3,19.6,7,5.6,15.7,21.8
2002-2003,Houston Rockets,82,93.8,34.6,78.8,44,5.4,15.5,34.6,19.1,24.9,76.8,12.5,31.3,43.8,18.4,7.2,6,15.6,19.5
2002-2003,Boston Celtics,82,92.7,32.9,79.4,41.5,8.8,26.3,33.4,18,24.3,74.2,10.4,30.1,40.5,19.2,8.8,3.7,14,21.4
2002-2003,Seattle SuperSonics,82,92.1,35.2,80.5,43.7,5.6,15.7,35.3,16.2,21.7,74.4,11.7,29.1,40.8,21.6,8.3,3.6,13.2,20.9
2002-2003,Washington Wizards,82,91.5,34.3,78,44,3.1,9.9,31.2,19.7,25.3,77.9,11.2,29.2,40.4,19.7,7.6,4.8,13.4,20
2002-2003,Cleveland Cavaliers,82,91.4,34.8,82.3,42.2,3.6,10.9,32.7,18.3,24.5,74.7,13.6,31,44.6,20.9,7.8,6.4,18.3,22.7
2002-2003,Detroit Pistons,82,91.4,32.9,76.5,43,6.5,18.1,35.8,19,24.6,77.1,10.8,29.8,40.6,19.8,6.8,5.7,13.5,21.3
2002-2003,Toronto Raptors,82,90.9,34.7,81.3,42.7,5,14.5,34.3,16.5,22.9,71.8,12.5,28.7,41.2,19.3,7.4,4.8,14.4,21.5
2002-2003,Miami Heat,82,85.6,32.8,79.5,41.2,4.2,13.4,31.6,15.8,20.6,76.5,11.6,30,41.6,18.3,7.2,4,14.2,22.6
2002-2003,Denver Nuggets,82,84.2,32.8,79.8,41.1,2.8,10,27.8,15.8,22.6,69.9,13.6,28.8,42.4,21.2,8.7,5.1,18.5,25.1
2001-2002,Dallas Mavericks,82,105.2,39,84.5,46.2,7.6,20.1,37.8,19.6,24.3,80.6,11.2,31.3,42.5,22.1,7.1,4.8,12.1,22.5
2001-2002,Sacramento Kings,82,104.6,39.8,85.4,46.7,5.2,14.1,36.7,19.7,26.3,75.1,12.4,33,45.3,23.9,9,4.6,13.8,19
2001-2002,Los Angeles Lakers,82,101.3,38.4,83.4,46.1,6.2,17.5,35.4,18.2,26.1,69.9,12.5,31.8,44.3,23,7.6,5.8,12.7,22.2
2001-2002,Orlando Magic,82,100.5,37.6,84.1,44.8,7.6,20.2,37.3,17.6,23.4,75.4,11.5,29.8,41.2,22,8.1,4.7,13.6,20.7
2001-2002,Minnesota Timberwolves,82,99.3,38.7,84,46.1,4.8,12.8,37.8,17.1,21.4,79.8,12.9,31.2,44.2,24.3,6.4,5.2,13.4,21.2
2001-2002,Seattle SuperSonics,82,97.7,38.2,81.5,46.9,6,15.8,37.8,15.4,20.4,75.5,11.8,28.5,40.3,23.5,8.5,4.4,13.7,21.1
2001-2002,Golden State Warriors,82,97.7,36.6,85.2,42.9,3.9,12.1,32.2,20.6,28.6,72.2,16.3,30.4,46.7,20.8,7.9,6.4,16.8,23
2001-2002,Milwaukee Bucks,82,97.5,37.1,80.2,46.2,7.2,19.3,37.5,16.1,21.5,74.8,10.3,31.2,41.4,22.5,7.3,4.7,14.1,21.8
2001-2002,Indiana Pacers,82,96.8,35.8,80.2,44.6,4.9,14.6,33.9,20.3,26.3,77.2,11.3,31.3,42.7,23,8,5.3,15.2,22.9
2001-2002,San Antonio Spurs,82,96.7,35.5,77.6,45.8,5.3,14.8,36.2,20.3,27.4,74.2,11.1,31.3,42.4,20,7.6,6.5,14.4,19.2
2001-2002,Portland Trail Blazers,82,96.6,36.6,81.4,45,5.7,16.1,35.4,17.7,23.2,76.3,13.2,29.8,43,23.5,8.6,4.5,14.3,19.7
2001-2002,Boston Celtics,82,96.4,34.8,82.1,42.4,8.5,23.7,35.9,18.3,23.9,76.4,10.9,31.3,42.2,21,9.7,3.6,13.6,21.7
2001-2002,New Jersey Nets,82,96.2,37.1,83.1,44.6,4.9,14.6,33.8,17.1,23.3,73.5,12.7,30.7,43.3,24.3,8.7,6,14.5,21.1
2001-2002,Utah Jazz,82,96,35,77.7,45,3.4,10.3,33.3,22.6,29.6,76.3,13.5,28.6,42.2,24.4,9.1,6.4,16.5,24
2001-2002,LA Clippers,82,95.7,36.2,81.3,44.5,5,14,35.6,18.3,24.7,73.9,13.2,30.2,43.4,20.9,6.2,6.6,14.8,19.8
2001-2002,Cleveland Cavaliers,82,95.3,36,80.3,44.8,4.7,12.5,37.7,18.6,24.1,77.2,11.8,30.3,42.1,23.1,7,5.7,14.6,21.4
2001-2002,Phoenix Suns,82,95.1,37.8,84.6,44.7,4.4,13.4,32.7,15.2,19.9,76.7,13.1,29.6,42.7,22.4,8.1,4.9,14.7,21.8
2001-2002,Detroit Pistons,82,94.3,34.7,76.8,45.2,6.9,18.4,37.6,18,23.8,75.6,9.9,28.9,38.7,21.5,7.9,6.9,14.5,20.7
2001-2002,Atlanta Hawks,82,94,35.4,80.6,43.9,5.2,14.6,35.4,18.1,23.7,76.5,11.6,29.8,41.5,20.2,8.1,4.3,15.5,20.8
2001-2002,Charlotte Hornets,82,93.9,35.3,80.2,44,4.2,12.1,34.8,19.1,25.7,74.5,12.9,30.5,43.5,21.5,8,5.6,14,21.3
2001-2002,Washington Wizards,82,92.8,35.8,81.3,44.1,3.7,9.6,38.8,17.4,22.8,76.5,12.9,29.2,42,20.9,7,4.3,13,21.5
2001-2002,Houston Rockets,82,92.3,34.6,80.8,42.8,6,18,33.5,17.1,23.1,74.1,12.5,29.4,41.9,18.1,6.5,5.4,14.1,18
2001-2002,Denver Nuggets,82,92.2,35.5,83.8,42.4,5.2,15.7,32.9,15.9,21.4,74.4,13.6,28.2,41.8,22.2,7.5,5.6,14.7,22.8
2001-2002,New York Knicks,82,91.6,34.4,79.5,43.2,5.8,16.4,35.3,17.1,21.8,78.7,10.7,30,40.7,21,6.8,3.5,14.5,22
2001-2002,Toronto Raptors,82,91.4,35.6,82,43.4,4.7,13.5,34.9,15.5,20.9,73.9,13.6,28.5,42.1,21.7,8.4,5.5,14.3,21.6
2001-2002,Philadelphia 76ers,82,91,34.2,78.5,43.6,2.6,8.7,29.9,20,25.7,77.9,13.3,30.9,44.2,20,8.6,4.4,15.3,20.1
2001-2002,Memphis Grizzlies,82,89.9,34.8,79.7,43.6,4.1,13.4,30.7,16.3,23,70.8,12,29.4,41.4,21.8,7.9,6,16.4,19.2
2001-2002,Chicago Bulls,82,89.5,34.3,79.2,43.3,3.7,10.6,34.6,17.2,23.9,72.2,11.3,28.8,40,22.2,7.7,4.4,15.3,22.4
2001-2002,Miami Heat,82,87.2,34.2,77.8,43.9,3.8,11,34.7,15.1,20.8,72.4,11,31,42,20.3,6.7,5.5,14.8,22.5
